[{"model": "admin.logentry", "pk": 1, "fields": {"action_time": "2022-03-31T15:30:43.746Z", "user": 1, "content_type": 17, "object_id": "6", "object_repr": "CB007883_5G_A_023_xnTnlId_determination_ from Trunk", "action_flag": 3, "change_message": ""}}, {"model": "admin.logentry", "pk": 2, "fields": {"action_time": "2022-03-31T15:30:43.761Z", "user": 1, "content_type": 17, "object_id": "5", "object_repr": "CB007883_5G_A_026_Xn_Setup_procedure_-_N from Trunk", "action_flag": 3, "change_message": ""}}, {"model": "admin.logentry", "pk": 3, "fields": {"action_time": "2022-03-31T15:30:43.775Z", "user": 1, "content_type": 17, "object_id": "4", "object_repr": "CB007883_5G_A_027_Full_ANR_procedure_-_n from Trunk", "action_flag": 3, "change_message": ""}}, {"model": "admin.logentry", "pk": 4, "fields": {"action_time": "2022-04-01T15:49:28.340Z", "user": 1, "content_type": 16, "object_id": "1", "object_repr": "LOLO filter", "action_flag": 2, "change_message": "[{\"changed\": {\"fields\": [\"Testline type\"]}}]"}}, {"model": "auth.permission", "pk": 1, "fields": {"name": "Can add log entry", "content_type": 1, "codename": "add_logentry"}}, {"model": "auth.permission", "pk": 2, "fields": {"name": "Can change log entry", "content_type": 1, "codename": "change_logentry"}}, {"model": "auth.permission", "pk": 3, "fields": {"name": "Can delete log entry", "content_type": 1, "codename": "delete_logentry"}}, {"model": "auth.permission", "pk": 4, "fields": {"name": "Can view log entry", "content_type": 1, "codename": "view_logentry"}}, {"model": "auth.permission", "pk": 5, "fields": {"name": "Can add permission", "content_type": 2, "codename": "add_permission"}}, {"model": "auth.permission", "pk": 6, "fields": {"name": "Can change permission", "content_type": 2, "codename": "change_permission"}}, {"model": "auth.permission", "pk": 7, "fields": {"name": "Can delete permission", "content_type": 2, "codename": "delete_permission"}}, {"model": "auth.permission", "pk": 8, "fields": {"name": "Can view permission", "content_type": 2, "codename": "view_permission"}}, {"model": "auth.permission", "pk": 9, "fields": {"name": "Can add group", "content_type": 3, "codename": "add_group"}}, {"model": "auth.permission", "pk": 10, "fields": {"name": "Can change group", "content_type": 3, "codename": "change_group"}}, {"model": "auth.permission", "pk": 11, "fields": {"name": "Can delete group", "content_type": 3, "codename": "delete_group"}}, {"model": "auth.permission", "pk": 12, "fields": {"name": "Can view group", "content_type": 3, "codename": "view_group"}}, {"model": "auth.permission", "pk": 13, "fields": {"name": "Can add user", "content_type": 4, "codename": "add_user"}}, {"model": "auth.permission", "pk": 14, "fields": {"name": "Can change user", "content_type": 4, "codename": "change_user"}}, {"model": "auth.permission", "pk": 15, "fields": {"name": "Can delete user", "content_type": 4, "codename": "delete_user"}}, {"model": "auth.permission", "pk": 16, "fields": {"name": "Can view user", "content_type": 4, "codename": "view_user"}}, {"model": "auth.permission", "pk": 17, "fields": {"name": "Can add content type", "content_type": 5, "codename": "add_contenttype"}}, {"model": "auth.permission", "pk": 18, "fields": {"name": "Can change content type", "content_type": 5, "codename": "change_contenttype"}}, {"model": "auth.permission", "pk": 19, "fields": {"name": "Can delete content type", "content_type": 5, "codename": "delete_contenttype"}}, {"model": "auth.permission", "pk": 20, "fields": {"name": "Can view content type", "content_type": 5, "codename": "view_contenttype"}}, {"model": "auth.permission", "pk": 21, "fields": {"name": "Can add session", "content_type": 6, "codename": "add_session"}}, {"model": "auth.permission", "pk": 22, "fields": {"name": "Can change session", "content_type": 6, "codename": "change_session"}}, {"model": "auth.permission", "pk": 23, "fields": {"name": "Can delete session", "content_type": 6, "codename": "delete_session"}}, {"model": "auth.permission", "pk": 24, "fields": {"name": "Can view session", "content_type": 6, "codename": "view_session"}}, {"model": "auth.permission", "pk": 25, "fields": {"name": "Can add Token", "content_type": 7, "codename": "add_token"}}, {"model": "auth.permission", "pk": 26, "fields": {"name": "Can change Token", "content_type": 7, "codename": "change_token"}}, {"model": "auth.permission", "pk": 27, "fields": {"name": "Can delete Token", "content_type": 7, "codename": "delete_token"}}, {"model": "auth.permission", "pk": 28, "fields": {"name": "Can view Token", "content_type": 7, "codename": "view_token"}}, {"model": "auth.permission", "pk": 29, "fields": {"name": "Can add token", "content_type": 8, "codename": "add_tokenproxy"}}, {"model": "auth.permission", "pk": 30, "fields": {"name": "Can change token", "content_type": 8, "codename": "change_tokenproxy"}}, {"model": "auth.permission", "pk": 31, "fields": {"name": "Can delete token", "content_type": 8, "codename": "delete_tokenproxy"}}, {"model": "auth.permission", "pk": 32, "fields": {"name": "Can view token", "content_type": 8, "codename": "view_tokenproxy"}}, {"model": "auth.permission", "pk": 33, "fields": {"name": "Can add branch", "content_type": 9, "codename": "add_branch"}}, {"model": "auth.permission", "pk": 34, "fields": {"name": "Can change branch", "content_type": 9, "codename": "change_branch"}}, {"model": "auth.permission", "pk": 35, "fields": {"name": "Can delete branch", "content_type": 9, "codename": "delete_branch"}}, {"model": "auth.permission", "pk": 36, "fields": {"name": "Can view branch", "content_type": 9, "codename": "view_branch"}}, {"model": "auth.permission", "pk": 37, "fields": {"name": "Can add env issue type", "content_type": 10, "codename": "add_envissuetype"}}, {"model": "auth.permission", "pk": 38, "fields": {"name": "Can change env issue type", "content_type": 10, "codename": "change_envissuetype"}}, {"model": "auth.permission", "pk": 39, "fields": {"name": "Can delete env issue type", "content_type": 10, "codename": "delete_envissuetype"}}, {"model": "auth.permission", "pk": 40, "fields": {"name": "Can view env issue type", "content_type": 10, "codename": "view_envissuetype"}}, {"model": "auth.permission", "pk": 41, "fields": {"name": "Can add organization", "content_type": 11, "codename": "add_organization"}}, {"model": "auth.permission", "pk": 42, "fields": {"name": "Can change organization", "content_type": 11, "codename": "change_organization"}}, {"model": "auth.permission", "pk": 43, "fields": {"name": "Can delete organization", "content_type": 11, "codename": "delete_organization"}}, {"model": "auth.permission", "pk": 44, "fields": {"name": "Can view organization", "content_type": 11, "codename": "view_organization"}}, {"model": "auth.permission", "pk": 45, "fields": {"name": "Can add test instance", "content_type": 12, "codename": "add_testinstance"}}, {"model": "auth.permission", "pk": 46, "fields": {"name": "Can change test instance", "content_type": 12, "codename": "change_testinstance"}}, {"model": "auth.permission", "pk": 47, "fields": {"name": "Can delete test instance", "content_type": 12, "codename": "delete_testinstance"}}, {"model": "auth.permission", "pk": 48, "fields": {"name": "Can view test instance", "content_type": 12, "codename": "view_testinstance"}}, {"model": "auth.permission", "pk": 49, "fields": {"name": "Can add testline type", "content_type": 13, "codename": "add_testlinetype"}}, {"model": "auth.permission", "pk": 50, "fields": {"name": "Can change testline type", "content_type": 13, "codename": "change_testlinetype"}}, {"model": "auth.permission", "pk": 51, "fields": {"name": "Can delete testline type", "content_type": 13, "codename": "delete_testlinetype"}}, {"model": "auth.permission", "pk": 52, "fields": {"name": "Can view testline type", "content_type": 13, "codename": "view_testlinetype"}}, {"model": "auth.permission", "pk": 53, "fields": {"name": "Can add test run result", "content_type": 14, "codename": "add_testrunresult"}}, {"model": "auth.permission", "pk": 54, "fields": {"name": "Can change test run result", "content_type": 14, "codename": "change_testrunresult"}}, {"model": "auth.permission", "pk": 55, "fields": {"name": "Can delete test run result", "content_type": 14, "codename": "delete_testrunresult"}}, {"model": "auth.permission", "pk": 56, "fields": {"name": "Can view test run result", "content_type": 14, "codename": "view_testrunresult"}}, {"model": "auth.permission", "pk": 57, "fields": {"name": "Can add test set", "content_type": 15, "codename": "add_testset"}}, {"model": "auth.permission", "pk": 58, "fields": {"name": "Can change test set", "content_type": 15, "codename": "change_testset"}}, {"model": "auth.permission", "pk": 59, "fields": {"name": "Can delete test set", "content_type": 15, "codename": "delete_testset"}}, {"model": "auth.permission", "pk": 60, "fields": {"name": "Can view test set", "content_type": 15, "codename": "view_testset"}}, {"model": "auth.permission", "pk": 61, "fields": {"name": "Can add tests filter", "content_type": 16, "codename": "add_testsfilter"}}, {"model": "auth.permission", "pk": 62, "fields": {"name": "Can change tests filter", "content_type": 16, "codename": "change_testsfilter"}}, {"model": "auth.permission", "pk": 63, "fields": {"name": "Can delete tests filter", "content_type": 16, "codename": "delete_testsfilter"}}, {"model": "auth.permission", "pk": 64, "fields": {"name": "Can view tests filter", "content_type": 16, "codename": "view_testsfilter"}}, {"model": "auth.permission", "pk": 65, "fields": {"name": "Can add test run", "content_type": 17, "codename": "add_testrun"}}, {"model": "auth.permission", "pk": 66, "fields": {"name": "Can change test run", "content_type": 17, "codename": "change_testrun"}}, {"model": "auth.permission", "pk": 67, "fields": {"name": "Can delete test run", "content_type": 17, "codename": "delete_testrun"}}, {"model": "auth.permission", "pk": 68, "fields": {"name": "Can view test run", "content_type": 17, "codename": "view_testrun"}}, {"model": "auth.user", "pk": 1, "fields": {"password": "pbkdf2_sha256$320000$h5QW5ZsWqAX7rPGnPVCO0D$rcImN6QQO/WHsROcQRmcJYNWU8gyGOP28Ztvboj3fWo=", "last_login": "2022-03-31T15:03:15.328Z", "is_superuser": true, "username": "admin", "first_name": "", "last_name": "", "email": "", "is_staff": true, "is_active": true, "date_joined": "2022-03-31T15:02:32.825Z", "groups": [], "user_permissions": []}}, {"model": "contenttypes.contenttype", "pk": 1, "fields": {"app_label": "admin", "model": "logentry"}}, {"model": "contenttypes.contenttype", "pk": 2, "fields": {"app_label": "auth", "model": "permission"}}, {"model": "contenttypes.contenttype", "pk": 3, "fields": {"app_label": "auth", "model": "group"}}, {"model": "contenttypes.contenttype", "pk": 4, "fields": {"app_label": "auth", "model": "user"}}, {"model": "contenttypes.contenttype", "pk": 5, "fields": {"app_label": "contenttypes", "model": "contenttype"}}, {"model": "contenttypes.contenttype", "pk": 6, "fields": {"app_label": "sessions", "model": "session"}}, {"model": "contenttypes.contenttype", "pk": 7, "fields": {"app_label": "authtoken", "model": "token"}}, {"model": "contenttypes.contenttype", "pk": 8, "fields": {"app_label": "authtoken", "model": "tokenproxy"}}, {"model": "contenttypes.contenttype", "pk": 9, "fields": {"app_label": "tra", "model": "branch"}}, {"model": "contenttypes.contenttype", "pk": 10, "fields": {"app_label": "tra", "model": "envissuetype"}}, {"model": "contenttypes.contenttype", "pk": 11, "fields": {"app_label": "tra", "model": "organization"}}, {"model": "contenttypes.contenttype", "pk": 12, "fields": {"app_label": "tra", "model": "testinstance"}}, {"model": "contenttypes.contenttype", "pk": 13, "fields": {"app_label": "tra", "model": "testlinetype"}}, {"model": "contenttypes.contenttype", "pk": 14, "fields": {"app_label": "tra", "model": "testrunresult"}}, {"model": "contenttypes.contenttype", "pk": 15, "fields": {"app_label": "tra", "model": "testset"}}, {"model": "contenttypes.contenttype", "pk": 16, "fields": {"app_label": "tra", "model": "testsfilter"}}, {"model": "contenttypes.contenttype", "pk": 17, "fields": {"app_label": "tra", "model": "testrun"}}, {"model": "sessions.session", "pk": "tfzlgom126efz6g3x2vwi9c6hywv9t4n", "fields": {"session_data": ".eJxVjMEOwiAQRP-FsyEBbAGP3v0GsssuUjWQlPZk_PfSpIeauc17M18RYF1yWBvPYSJxE0pczh1CfHPZAb2gPKuMtSzzhHJX5EGbfFTiz_1w_w4ytNzXbvCAUXvHJrF21icLPGLCkRg8mUQKfRc0DwmcspZBaboa7nGKjfhtFCo5CA:1nZwKR:wIEVJn5O1MGz1TP1kMxuyPivuzzYm_Fr2GPa_w-uSBA", "expire_date": "2022-04-14T15:03:15.455Z"}}, {"model": "authtoken.token", "pk": "0d3e50a3938c6821ff2935d776dccf3aa944752e", "fields": {"user": 1, "created": "2022-03-31T15:03:15.296Z"}}, {"model": "tra.organization", "pk": "RAN_L2_SW_KRK_2_SG02", "fields": {}}, {"model": "tra.envissuetype", "pk": "", "fields": {}}, {"model": "tra.envissuetype", "pk": "Other", "fields": {}}, {"model": "tra.envissuetype", "pk": "iPHY", "fields": {}}, {"model": "tra.branch", "pk": "Trunk", "fields": {}}, {"model": "tra.testrunresult", "pk": "environment issue", "fields": {}}, {"model": "tra.testrunresult", "pk": "not analyzed", "fields": {}}, {"model": "tra.testrunresult", "pk": "passed", "fields": {}}, {"model": "tra.testlinetype", "pk": "CLOUD_5G_I_KL_AP_KL_SANSA_FS_CPRI_CMWV_TDD", "fields": {}}, {"model": "tra.testlinetype", "pk": "CLOUD_5G_I_LO_AP_LO_SANSA_FS_CPRI_CMWV_TDD", "fields": {}}, {"model": "tra.testlinetype", "pk": "CLOUD_5G_I_LO_AP_LO_SANSA_FS_ECPRI_CMWV_TDD", "fields": {}}, {"model": "tra.testlinetype", "pk": "CLOUD_5G_I_OE_AP_LO_SANSA_FS_CPRI_CMWV_TDD", "fields": {}}, {"model": "tra.testset", "pk": 1, "fields": {"name": "CB007883-5G-D_-_Spillover_of_5GC001085-D_Intra_Frequency_Inter-gNB_neighbor_NRREL_and_Xn_addition_SON_Config_Transfer", "test_lab_path": "Root\\Test_Sets\\Trunk\\RAN_L2_SW_KRK_2\\CB007883-5G_Spillover_of_5GC001085_ANR_for_SA_intra-NR_intra-frequency_UE_based", "branch": "Trunk"}}, {"model": "tra.testset", "pk": 2, "fields": {"name": "5GC001085-B_Intra-frequency_inter-gNB_neighbor_NRREL_addition_-_Previously_established_Xn", "test_lab_path": "Root\\Test_Sets\\Trunk\\RAN_L2_SW_KRK_2\\5GC001085_ANR_for_SA_intra-NR_intra-frequency_UE_based", "branch": "Trunk"}}, {"model": "tra.testset", "pk": 3, "fields": {"name": "CB007883-5G-D_-_Spillover_of_5GC001085-D_Intra_Frequency_Inter-gNB_neighbor_NRREL_and_Xn_addition_SON_Config_Transfer", "test_lab_path": "Root\\\\Test_Sets\\\\Trunk\\\\RAN_L2_SW_KRK_2\\\\CB007883-5G_Spillover_of_5GC001085_ANR_for_SA_intra-NR_intra-frequency_UE_based", "branch": "Trunk"}}, {"model": "tra.testinstance", "pk": 1, "fields": {"test_set": 1, "test_case_name": "CB007883_5G_A_027_Full_ANR_procedure_-_no_NRREL_and_no_NRADJNRCELL_and_no_NRADJGNB_and_no_XNLINK_objects", "execution_suspended": false}}, {"model": "tra.testinstance", "pk": 2, "fields": {"test_set": 1, "test_case_name": "CB007883_5G_A_026_Xn_Setup_procedure_-_No_Xn_Setup_Retries_for_AMF_Query_and_no_Alarms", "execution_suspended": false}}, {"model": "tra.testinstance", "pk": 3, "fields": {"test_set": 1, "test_case_name": "CB007883_5G_A_023_xnTnlId_determination_using_in_target_node_-_more_than_one_xnCplane_configured_and_matched", "execution_suspended": false}}, {"model": "tra.testinstance", "pk": 4, "fields": {"test_set": 2, "test_case_name": "5GC001085_B_003_Empty_gnbIdLengthConfig_object_-_trigger_ANR", "execution_suspended": false}}, {"model": "tra.testinstance", "pk": 5, "fields": {"test_set": 2, "test_case_name": "5GC001085_B_023_Multiple_supported_PLMNs_in_cgi-info_for_cellDepType_set_to_both_SA_NSA", "execution_suspended": false}}, {"model": "tra.testinstance", "pk": 6, "fields": {"test_set": 2, "test_case_name": "5GC001085_B_018_Measurement_Report_with_cgi-info_does_not_contain_TrackingAreaCode", "execution_suspended": false}}, {"model": "tra.testinstance", "pk": 7, "fields": {"test_set": 2, "test_case_name": "5GC001085_B_017_Unsupported_PLMN_received_in_cgi-info", "execution_suspended": false}}, {"model": "tra.testinstance", "pk": 8, "fields": {"test_set": 2, "test_case_name": "5GC001085_B_015_NRADJNRCELL_object_already_exists_with_the_same_CGI_but_different_PCI_-_replace_PCI", "execution_suspended": false}}, {"model": "tra.testinstance", "pk": 9, "fields": {"test_set": 2, "test_case_name": "5GC001085_B_014_NRADJNRCELL_object_already_exists_with_the_same_CGI_and_PCI_-_no_action_required", "execution_suspended": false}}, {"model": "tra.testinstance", "pk": 10, "fields": {"test_set": 2, "test_case_name": "5GC001085_B_009_Both_NCI_Range_and_PLMN_ID_in_gnbIdLengthConfig_object_-_match_-_trigger_ANR", "execution_suspended": false}}, {"model": "tra.testinstance", "pk": 11, "fields": {"test_set": 2, "test_case_name": "5GC001085_B_008_Both_NCI_Range_and_PLMN_ID_in_gnbIdLengthConfig_object_-_no_match_-_trigger_ANR", "execution_suspended": false}}, {"model": "tra.testinstance", "pk": 12, "fields": {"test_set": 2, "test_case_name": "5GC001085_B_007_Only_PLMN_ID_in_gnbIdLengthConfig_object_-_match_-_trigger_ANR", "execution_suspended": false}}, {"model": "tra.testinstance", "pk": 13, "fields": {"test_set": 2, "test_case_name": "5GC001085_B_005_Only_NCI_range_in_gnbIdLengthConfig_object_-_match_-_trigger_ANR", "execution_suspended": false}}, {"model": "tra.testinstance", "pk": 14, "fields": {"test_set": 2, "test_case_name": "5GC001085_B_002_No_gnbIdLengthConfig_configured_-_trigger_ANR", "execution_suspended": false}}, {"model": "tra.testinstance", "pk": 15, "fields": {"test_set": 2, "test_case_name": "5GC001085_B_001_Feature_flag_activation_and_deactivation", "execution_suspended": false}}, {"model": "tra.testinstance", "pk": 16, "fields": {"test_set": 1, "test_case_name": "CB007883_5G_A_021_IP_version_selection_-_IPv4-IPv6_and_IPv6", "execution_suspended": false}}, {"model": "tra.testinstance", "pk": 17, "fields": {"test_set": 1, "test_case_name": "CB007883_5G_A_016_NGAP_Downlink_RAN_Configuration_Transfer_content_is_inccorrect", "execution_suspended": false}}, {"model": "tra.testinstance", "pk": 18, "fields": {"test_set": 1, "test_case_name": "CB007883_5G_A_015_Timer_TimerRANConfigGuard_expiry", "execution_suspended": false}}, {"model": "tra.testinstance", "pk": 19, "fields": {"test_set": 1, "test_case_name": "CB007883_5G_A_012_PLMN_selection_-_both_NRCELL_and_NRADJNRCELL_PLMNSETs_configured_-_intersection_not_empty", "execution_suspended": false}}, {"model": "tra.testinstance", "pk": 20, "fields": {"test_set": 1, "test_case_name": "CB007883_5G_A_009_Maximum_number_of_Xn_links_exceeds_fixed_NIDD_limit", "execution_suspended": false}}, {"model": "tra.testinstance", "pk": 21, "fields": {"test_set": 1, "test_case_name": "CB007883_5G_A_005_Check_if_XNLink_needs_to_be_added_-_NRADJGNB_present_and_not_matched", "execution_suspended": false}}, {"model": "tra.testinstance", "pk": 22, "fields": {"test_set": 1, "test_case_name": "CB007883_5G_A_004_Check_if_XNLink_needs_to_be_added_-_NRADJGNB_present_and_matched_-_administrativeState_set_to_Locked", "execution_suspended": false}}, {"model": "tra.testinstance", "pk": 23, "fields": {"test_set": 1, "test_case_name": "CB007883_5G_A_003_Check_if_XNLink_needs_to_be_added_-_NRADJGNB_present_and_matched_-_xnLinkRef_not_set", "execution_suspended": false}}, {"model": "tra.testinstance", "pk": 24, "fields": {"test_set": 1, "test_case_name": "CB007883_5G_A_002_Check_if_XNLink_needs_to_be_added_-_NRADJGNB_present_and_matched_-_xnLinkRef_set_to_existing_XNLINK", "execution_suspended": false}}, {"model": "tra.testinstance", "pk": 25, "fields": {"test_set": 1, "test_case_name": "CB007883_5G_A_001_Feature_flag_activation_and_deactivation", "execution_suspended": false}}, {"model": "tra.testrun", "pk": 1, "fields": {"rp_id": 61714756, "test_instance": 1, "testline_type": "CLOUD_5G_I_KL_AP_KL_SANSA_FS_CPRI_CMWV_TDD", "organization": "RAN_L2_SW_KRK_2_SG02", "result": "not analyzed", "env_issue_type": "", "fail_message": "Parent suite setup failed:\nAttributeError: type object \"SwConfigModifier\" has no attribute \"get_capability_unit_name\"", "test_line": null, "test_suite": "lol", "builds": "SBTS00_ENB_9999_220324_000008", "ute_exec_url": "http://logs.ute.nsn-rdnet.net/cloud/execution/12636280/", "log_file_url": "http://logs.ute.nsn-rdnet.net/cloud/execution/12636280/execution_for_preparation_ce87c960-ad2c-4a44-a701-a41601f8580a/test_results/log.html", "log_file_url_ext": null, "start_time": "2022-03-24T18:46:38.696Z", "end_time": "2022-03-24T20:46:38.696Z", "analyzed": false, "analyzed_by": null}}, {"model": "tra.testrun", "pk": 2, "fields": {"rp_id": 61714755, "test_instance": 2, "testline_type": "CLOUD_5G_I_LO_AP_LO_SANSA_FS_CPRI_CMWV_TDD", "organization": "RAN_L2_SW_KRK_2_SG02", "result": "not analyzed", "env_issue_type": "", "fail_message": "Parent suite setup failed:\nAttributeError: type object \"SwConfigModifier\" has no attribute \"get_capability_unit_name\"", "test_line": null, "test_suite": "lol", "builds": "SBTS00_ENB_9999_220324_000008", "ute_exec_url": "http://logs.ute.nsn-rdnet.net/cloud/execution/12636280/", "log_file_url": "http://logs.ute.nsn-rdnet.net/cloud/execution/12636280/execution_for_preparation_ce87c960-ad2c-4a44-a701-a41601f8580a/test_results/log.html", "log_file_url_ext": null, "start_time": "2022-03-24T19:46:38.695Z", "end_time": "2022-03-24T20:46:38.695Z", "analyzed": false, "analyzed_by": null}}, {"model": "tra.testrun", "pk": 3, "fields": {"rp_id": 61714753, "test_instance": 3, "testline_type": "CLOUD_5G_I_OE_AP_LO_SANSA_FS_CPRI_CMWV_TDD", "organization": "RAN_L2_SW_KRK_2_SG02", "result": "not analyzed", "env_issue_type": "", "fail_message": "Parent suite setup failed:\nAttributeError: type object \"SwConfigModifier\" has no attribute \"get_capability_unit_name\"", "test_line": null, "test_suite": "lol", "builds": "SBTS00_ENB_9999_220324_000008", "ute_exec_url": "http://logs.ute.nsn-rdnet.net/cloud/execution/12636280/", "log_file_url": "http://logs.ute.nsn-rdnet.net/cloud/execution/12636280/execution_for_preparation_ce87c960-ad2c-4a44-a701-a41601f8580a/test_results/log.html", "log_file_url_ext": null, "start_time": "2022-03-24T19:46:38.694Z", "end_time": "2022-03-24T20:46:38.694Z", "analyzed": false, "analyzed_by": null}}, {"model": "tra.testrun", "pk": 7, "fields": {"rp_id": 62632659, "test_instance": 4, "testline_type": "CLOUD_5G_I_LO_AP_LO_SANSA_FS_ECPRI_CMWV_TDD", "organization": "RAN_L2_SW_KRK_2_SG02", "result": "passed", "env_issue_type": "", "fail_message": "", "test_line": "MN Trunk Engine_Wroclaw_UTE5GCLASSICAL1834", "test_suite": "testsuite/Krakow/RRM/MN_RAN_L2/5GC001085/5GC001085-B-CIT.robot", "builds": "SBTS00_ENB_9999_220401_000004", "ute_exec_url": "http://logs.ute.nsn-rdnet.net/cloud/execution/13933575/", "log_file_url": "http://logs.ute.nsn-rdnet.net/cloud/execution/13933575/execution_for_preparation_f7a41865-615b-4ada-af29-3eb10d938de9/test_results/log.html", "log_file_url_ext": null, "start_time": "2022-04-01T15:13:19Z", "end_time": "2022-04-01T15:30:25Z", "analyzed": false, "analyzed_by": null}}, {"model": "tra.testrun", "pk": 8, "fields": {"rp_id": 62600134, "test_instance": 5, "testline_type": "CLOUD_5G_I_LO_AP_LO_SANSA_FS_ECPRI_CMWV_TDD", "organization": "RAN_L2_SW_KRK_2_SG02", "result": "passed", "env_issue_type": "", "fail_message": "", "test_line": "MN Trunk Engine_Wroclaw_UTE5GCLASSICAL2094", "test_suite": "testsuite/Krakow/RRM/MN_RAN_L2/5GC001085/5GC001085-B.robot", "builds": "SBTS00_ENB_9999_220330_000018", "ute_exec_url": "http://logs.ute.nsn-rdnet.net/cloud/execution/13922190/", "log_file_url": "http://logs.ute.nsn-rdnet.net/cloud/execution/13922190/execution_for_preparation_a53995e4-2a5a-46ec-9ba6-0acbc959ac23/test_results/log.html", "log_file_url_ext": null, "start_time": "2022-04-01T09:22:43Z", "end_time": "2022-04-01T09:53:53Z", "analyzed": false, "analyzed_by": null}}, {"model": "tra.testrun", "pk": 9, "fields": {"rp_id": 62600130, "test_instance": 6, "testline_type": "CLOUD_5G_I_LO_AP_LO_SANSA_FS_ECPRI_CMWV_TDD", "organization": "RAN_L2_SW_KRK_2_SG02", "result": "environment issue", "env_issue_type": "iPHY", "fail_message": "Setup failed:\nMibSibAcquisitionFailed: MIB-SIB Acquisition failed over 4 retries", "test_line": "MN Trunk Engine_Wroclaw_UTE5GCLASSICAL2094", "test_suite": "testsuite/Krakow/RRM/MN_RAN_L2/5GC001085/5GC001085-B.robot", "builds": "SBTS00_ENB_9999_220330_000018", "ute_exec_url": "http://logs.ute.nsn-rdnet.net/cloud/execution/13922190/", "log_file_url": "http://logs.ute.nsn-rdnet.net/cloud/execution/13922190/execution_for_preparation_a53995e4-2a5a-46ec-9ba6-0acbc959ac23/test_results/log.html", "log_file_url_ext": null, "start_time": "2022-04-01T07:56:45Z", "end_time": "2022-04-01T09:22:43Z", "analyzed": false, "analyzed_by": null}}, {"model": "tra.testrun", "pk": 10, "fields": {"rp_id": 62600124, "test_instance": 7, "testline_type": "CLOUD_5G_I_LO_AP_LO_SANSA_FS_ECPRI_CMWV_TDD", "organization": "RAN_L2_SW_KRK_2_SG02", "result": "passed", "env_issue_type": "", "fail_message": "", "test_line": "MN Trunk Engine_Wroclaw_UTE5GCLASSICAL2094", "test_suite": "testsuite/Krakow/RRM/MN_RAN_L2/5GC001085/5GC001085-B.robot", "builds": "SBTS00_ENB_9999_220330_000018", "ute_exec_url": "http://logs.ute.nsn-rdnet.net/cloud/execution/13922190/", "log_file_url": "http://logs.ute.nsn-rdnet.net/cloud/execution/13922190/execution_for_preparation_a53995e4-2a5a-46ec-9ba6-0acbc959ac23/test_results/log.html", "log_file_url_ext": null, "start_time": "2022-04-01T07:44:51Z", "end_time": "2022-04-01T07:56:45Z", "analyzed": false, "analyzed_by": null}}, {"model": "tra.testrun", "pk": 11, "fields": {"rp_id": 62600122, "test_instance": 8, "testline_type": "CLOUD_5G_I_LO_AP_LO_SANSA_FS_ECPRI_CMWV_TDD", "organization": "RAN_L2_SW_KRK_2_SG02", "result": "passed", "env_issue_type": "", "fail_message": "", "test_line": "MN Trunk Engine_Wroclaw_UTE5GCLASSICAL2094", "test_suite": "testsuite/Krakow/RRM/MN_RAN_L2/5GC001085/5GC001085-B.robot", "builds": "SBTS00_ENB_9999_220330_000018", "ute_exec_url": "http://logs.ute.nsn-rdnet.net/cloud/execution/13922190/", "log_file_url": "http://logs.ute.nsn-rdnet.net/cloud/execution/13922190/execution_for_preparation_a53995e4-2a5a-46ec-9ba6-0acbc959ac23/test_results/log.html", "log_file_url_ext": null, "start_time": "2022-04-01T07:15:22Z", "end_time": "2022-04-01T07:44:51Z", "analyzed": false, "analyzed_by": null}}, {"model": "tra.testrun", "pk": 12, "fields": {"rp_id": 62600120, "test_instance": 9, "testline_type": "CLOUD_5G_I_LO_AP_LO_SANSA_FS_ECPRI_CMWV_TDD", "organization": "RAN_L2_SW_KRK_2_SG02", "result": "passed", "env_issue_type": "", "fail_message": "", "test_line": "MN Trunk Engine_Wroclaw_UTE5GCLASSICAL2094", "test_suite": "testsuite/Krakow/RRM/MN_RAN_L2/5GC001085/5GC001085-B.robot", "builds": "SBTS00_ENB_9999_220330_000018", "ute_exec_url": "http://logs.ute.nsn-rdnet.net/cloud/execution/13922190/", "log_file_url": "http://logs.ute.nsn-rdnet.net/cloud/execution/13922190/execution_for_preparation_a53995e4-2a5a-46ec-9ba6-0acbc959ac23/test_results/log.html", "log_file_url_ext": null, "start_time": "2022-04-01T07:04:05Z", "end_time": "2022-04-01T07:15:22Z", "analyzed": false, "analyzed_by": null}}, {"model": "tra.testrun", "pk": 13, "fields": {"rp_id": 62600117, "test_instance": 10, "testline_type": "CLOUD_5G_I_LO_AP_LO_SANSA_FS_ECPRI_CMWV_TDD", "organization": "RAN_L2_SW_KRK_2_SG02", "result": "passed", "env_issue_type": "", "fail_message": "", "test_line": "MN Trunk Engine_Wroclaw_UTE5GCLASSICAL2094", "test_suite": "testsuite/Krakow/RRM/MN_RAN_L2/5GC001085/5GC001085-B.robot", "builds": "SBTS00_ENB_9999_220330_000018", "ute_exec_url": "http://logs.ute.nsn-rdnet.net/cloud/execution/13922190/", "log_file_url": "http://logs.ute.nsn-rdnet.net/cloud/execution/13922190/execution_for_preparation_a53995e4-2a5a-46ec-9ba6-0acbc959ac23/test_results/log.html", "log_file_url_ext": null, "start_time": "2022-04-01T06:46:04Z", "end_time": "2022-04-01T07:04:05Z", "analyzed": false, "analyzed_by": null}}, {"model": "tra.testrun", "pk": 14, "fields": {"rp_id": 62600114, "test_instance": 11, "testline_type": "CLOUD_5G_I_LO_AP_LO_SANSA_FS_ECPRI_CMWV_TDD", "organization": "RAN_L2_SW_KRK_2_SG02", "result": "passed", "env_issue_type": "", "fail_message": "", "test_line": "MN Trunk Engine_Wroclaw_UTE5GCLASSICAL2094", "test_suite": "testsuite/Krakow/RRM/MN_RAN_L2/5GC001085/5GC001085-B.robot", "builds": "SBTS00_ENB_9999_220330_000018", "ute_exec_url": "http://logs.ute.nsn-rdnet.net/cloud/execution/13922190/", "log_file_url": "http://logs.ute.nsn-rdnet.net/cloud/execution/13922190/execution_for_preparation_a53995e4-2a5a-46ec-9ba6-0acbc959ac23/test_results/log.html", "log_file_url_ext": null, "start_time": "2022-04-01T06:37:01Z", "end_time": "2022-04-01T06:46:04Z", "analyzed": false, "analyzed_by": null}}, {"model": "tra.testrun", "pk": 15, "fields": {"rp_id": 62600110, "test_instance": 12, "testline_type": "CLOUD_5G_I_LO_AP_LO_SANSA_FS_ECPRI_CMWV_TDD", "organization": "RAN_L2_SW_KRK_2_SG02", "result": "passed", "env_issue_type": "", "fail_message": "", "test_line": "MN Trunk Engine_Wroclaw_UTE5GCLASSICAL2094", "test_suite": "testsuite/Krakow/RRM/MN_RAN_L2/5GC001085/5GC001085-B.robot", "builds": "SBTS00_ENB_9999_220330_000018", "ute_exec_url": "http://logs.ute.nsn-rdnet.net/cloud/execution/13922190/", "log_file_url": "http://logs.ute.nsn-rdnet.net/cloud/execution/13922190/execution_for_preparation_a53995e4-2a5a-46ec-9ba6-0acbc959ac23/test_results/log.html", "log_file_url_ext": null, "start_time": "2022-04-01T06:01:07Z", "end_time": "2022-04-01T06:37:01Z", "analyzed": false, "analyzed_by": null}}, {"model": "tra.testrun", "pk": 16, "fields": {"rp_id": 62600107, "test_instance": 13, "testline_type": "CLOUD_5G_I_LO_AP_LO_SANSA_FS_ECPRI_CMWV_TDD", "organization": "RAN_L2_SW_KRK_2_SG02", "result": "passed", "env_issue_type": "", "fail_message": "", "test_line": "MN Trunk Engine_Wroclaw_UTE5GCLASSICAL2094", "test_suite": "testsuite/Krakow/RRM/MN_RAN_L2/5GC001085/5GC001085-B.robot", "builds": "SBTS00_ENB_9999_220330_000018", "ute_exec_url": "http://logs.ute.nsn-rdnet.net/cloud/execution/13922190/", "log_file_url": "http://logs.ute.nsn-rdnet.net/cloud/execution/13922190/execution_for_preparation_a53995e4-2a5a-46ec-9ba6-0acbc959ac23/test_results/log.html", "log_file_url_ext": null, "start_time": "2022-04-01T04:48:22Z", "end_time": "2022-04-01T06:01:07Z", "analyzed": false, "analyzed_by": null}}, {"model": "tra.testrun", "pk": 17, "fields": {"rp_id": 62600103, "test_instance": 4, "testline_type": "CLOUD_5G_I_LO_AP_LO_SANSA_FS_ECPRI_CMWV_TDD", "organization": "RAN_L2_SW_KRK_2_SG02", "result": "passed", "env_issue_type": "", "fail_message": "", "test_line": "MN Trunk Engine_Wroclaw_UTE5GCLASSICAL2094", "test_suite": "testsuite/Krakow/RRM/MN_RAN_L2/5GC001085/5GC001085-B.robot", "builds": "SBTS00_ENB_9999_220330_000018", "ute_exec_url": "http://logs.ute.nsn-rdnet.net/cloud/execution/13922190/", "log_file_url": "http://logs.ute.nsn-rdnet.net/cloud/execution/13922190/execution_for_preparation_a53995e4-2a5a-46ec-9ba6-0acbc959ac23/test_results/log.html", "log_file_url_ext": null, "start_time": "2022-04-01T03:54:18Z", "end_time": "2022-04-01T04:48:22Z", "analyzed": false, "analyzed_by": null}}, {"model": "tra.testrun", "pk": 18, "fields": {"rp_id": 62600099, "test_instance": 14, "testline_type": "CLOUD_5G_I_LO_AP_LO_SANSA_FS_ECPRI_CMWV_TDD", "organization": "RAN_L2_SW_KRK_2_SG02", "result": "passed", "env_issue_type": "", "fail_message": "", "test_line": "MN Trunk Engine_Wroclaw_UTE5GCLASSICAL2094", "test_suite": "testsuite/Krakow/RRM/MN_RAN_L2/5GC001085/5GC001085-B.robot", "builds": "SBTS00_ENB_9999_220330_000018", "ute_exec_url": "http://logs.ute.nsn-rdnet.net/cloud/execution/13922190/", "log_file_url": "http://logs.ute.nsn-rdnet.net/cloud/execution/13922190/execution_for_preparation_a53995e4-2a5a-46ec-9ba6-0acbc959ac23/test_results/log.html", "log_file_url_ext": null, "start_time": "2022-04-01T03:08:55Z", "end_time": "2022-04-01T03:54:18Z", "analyzed": false, "analyzed_by": null}}, {"model": "tra.testrun", "pk": 19, "fields": {"rp_id": 62600096, "test_instance": 15, "testline_type": "CLOUD_5G_I_LO_AP_LO_SANSA_FS_ECPRI_CMWV_TDD", "organization": "RAN_L2_SW_KRK_2_SG02", "result": "passed", "env_issue_type": "", "fail_message": "", "test_line": "MN Trunk Engine_Wroclaw_UTE5GCLASSICAL2094", "test_suite": "testsuite/Krakow/RRM/MN_RAN_L2/5GC001085/5GC001085-B.robot", "builds": "SBTS00_ENB_9999_220330_000018", "ute_exec_url": "http://logs.ute.nsn-rdnet.net/cloud/execution/13922190/", "log_file_url": "http://logs.ute.nsn-rdnet.net/cloud/execution/13922190/execution_for_preparation_a53995e4-2a5a-46ec-9ba6-0acbc959ac23/test_results/log.html", "log_file_url_ext": null, "start_time": "2022-04-01T02:41:30Z", "end_time": "2022-04-01T03:08:55Z", "analyzed": false, "analyzed_by": null}}, {"model": "tra.testrun", "pk": 20, "fields": {"rp_id": 62486882, "test_instance": 4, "testline_type": "CLOUD_5G_I_LO_AP_LO_SANSA_FS_ECPRI_CMWV_TDD", "organization": "RAN_L2_SW_KRK_2_SG02", "result": "passed", "env_issue_type": "", "fail_message": "", "test_line": "MN Trunk Engine_Wroclaw_UTE5GCLASSICAL1511", "test_suite": "testsuite/Krakow/RRM/MN_RAN_L2/5GC001085/5GC001085-B-CIT.robot", "builds": "SBTS00_ENB_9999_220330_000018", "ute_exec_url": "http://logs.ute.nsn-rdnet.net/cloud/execution/13921465/", "log_file_url": "http://logs.ute.nsn-rdnet.net/cloud/execution/13921465/execution_for_preparation_489dcacb-138c-4fa4-b291-17a7a9a8888f/test_results/log.html", "log_file_url_ext": null, "start_time": "2022-03-31T15:40:36Z", "end_time": "2022-03-31T16:14:51Z", "analyzed": false, "analyzed_by": null}}, {"model": "tra.testrun", "pk": 21, "fields": {"rp_id": 62452682, "test_instance": 5, "testline_type": "CLOUD_5G_I_LO_AP_LO_SANSA_FS_ECPRI_CMWV_TDD", "organization": "RAN_L2_SW_KRK_2_SG02", "result": "passed", "env_issue_type": "", "fail_message": "", "test_line": "MN Trunk Engine_Wroclaw_UTE5GCLASSICAL1464", "test_suite": "testsuite/Krakow/RRM/MN_RAN_L2/5GC001085/5GC001085-B.robot", "builds": "SBTS00_ENB_9999_220329_000019", "ute_exec_url": "http://logs.ute.nsn-rdnet.net/cloud/execution/13906852/", "log_file_url": "http://logs.ute.nsn-rdnet.net/cloud/execution/13906852/execution_for_preparation_c1924012-038d-48ee-9324-0f7b0a901a4e/test_results/log.html", "log_file_url_ext": null, "start_time": "2022-03-31T08:39:55Z", "end_time": "2022-03-31T09:10:22Z", "analyzed": false, "analyzed_by": null}}, {"model": "tra.testrun", "pk": 22, "fields": {"rp_id": 62580621, "test_instance": 1, "testline_type": "CLOUD_5G_I_LO_AP_LO_SANSA_FS_ECPRI_CMWV_TDD", "organization": "RAN_L2_SW_KRK_2_SG02", "result": "passed", "env_issue_type": "", "fail_message": "", "test_line": "MN Trunk Engine_Wroclaw_UTE5GCLASSICAL1795", "test_suite": "testsuite/Krakow/RRM/MN_RAN_L2/5GC001085/CB007883-5G-A.robot", "builds": "SBTS00_ENB_9999_220330_000018", "ute_exec_url": "http://logs.ute.nsn-rdnet.net/cloud/execution/13922153/", "log_file_url": "http://logs.ute.nsn-rdnet.net/cloud/execution/13922153/execution_for_preparation_b6542300-b6f8-41a1-8939-3677d2229fab/test_results/log.html", "log_file_url_ext": null, "start_time": "2022-04-01T06:51:53Z", "end_time": "2022-04-01T07:09:34Z", "analyzed": false, "analyzed_by": null}}, {"model": "tra.testrun", "pk": 23, "fields": {"rp_id": 62580618, "test_instance": 2, "testline_type": "CLOUD_5G_I_LO_AP_LO_SANSA_FS_ECPRI_CMWV_TDD", "organization": "RAN_L2_SW_KRK_2_SG02", "result": "passed", "env_issue_type": "", "fail_message": "", "test_line": "MN Trunk Engine_Wroclaw_UTE5GCLASSICAL1795", "test_suite": "testsuite/Krakow/RRM/MN_RAN_L2/5GC001085/CB007883-5G-A.robot", "builds": "SBTS00_ENB_9999_220330_000018", "ute_exec_url": "http://logs.ute.nsn-rdnet.net/cloud/execution/13922153/", "log_file_url": "http://logs.ute.nsn-rdnet.net/cloud/execution/13922153/execution_for_preparation_b6542300-b6f8-41a1-8939-3677d2229fab/test_results/log.html", "log_file_url_ext": null, "start_time": "2022-04-01T06:38:18Z", "end_time": "2022-04-01T06:51:53Z", "analyzed": false, "analyzed_by": null}}, {"model": "tra.testrun", "pk": 24, "fields": {"rp_id": 62580615, "test_instance": 3, "testline_type": "CLOUD_5G_I_LO_AP_LO_SANSA_FS_ECPRI_CMWV_TDD", "organization": "RAN_L2_SW_KRK_2_SG02", "result": "passed", "env_issue_type": "", "fail_message": "", "test_line": "MN Trunk Engine_Wroclaw_UTE5GCLASSICAL1795", "test_suite": "testsuite/Krakow/RRM/MN_RAN_L2/5GC001085/CB007883-5G-A.robot", "builds": "SBTS00_ENB_9999_220330_000018", "ute_exec_url": "http://logs.ute.nsn-rdnet.net/cloud/execution/13922153/", "log_file_url": "http://logs.ute.nsn-rdnet.net/cloud/execution/13922153/execution_for_preparation_b6542300-b6f8-41a1-8939-3677d2229fab/test_results/log.html", "log_file_url_ext": null, "start_time": "2022-04-01T05:58:16Z", "end_time": "2022-04-01T06:38:18Z", "analyzed": false, "analyzed_by": null}}, {"model": "tra.testrun", "pk": 25, "fields": {"rp_id": 62580612, "test_instance": 16, "testline_type": "CLOUD_5G_I_LO_AP_LO_SANSA_FS_ECPRI_CMWV_TDD", "organization": "RAN_L2_SW_KRK_2_SG02", "result": "passed", "env_issue_type": "", "fail_message": "", "test_line": "MN Trunk Engine_Wroclaw_UTE5GCLASSICAL1795", "test_suite": "testsuite/Krakow/RRM/MN_RAN_L2/5GC001085/CB007883-5G-A.robot", "builds": "SBTS00_ENB_9999_220330_000018", "ute_exec_url": "http://logs.ute.nsn-rdnet.net/cloud/execution/13922153/", "log_file_url": "http://logs.ute.nsn-rdnet.net/cloud/execution/13922153/execution_for_preparation_b6542300-b6f8-41a1-8939-3677d2229fab/test_results/log.html", "log_file_url_ext": null, "start_time": "2022-04-01T05:41:17Z", "end_time": "2022-04-01T05:58:16Z", "analyzed": false, "analyzed_by": null}}, {"model": "tra.testrun", "pk": 26, "fields": {"rp_id": 62580607, "test_instance": 17, "testline_type": "CLOUD_5G_I_LO_AP_LO_SANSA_FS_ECPRI_CMWV_TDD", "organization": "RAN_L2_SW_KRK_2_SG02", "result": "passed", "env_issue_type": "", "fail_message": "", "test_line": "MN Trunk Engine_Wroclaw_UTE5GCLASSICAL1795", "test_suite": "testsuite/Krakow/RRM/MN_RAN_L2/5GC001085/CB007883-5G-A.robot", "builds": "SBTS00_ENB_9999_220330_000018", "ute_exec_url": "http://logs.ute.nsn-rdnet.net/cloud/execution/13922153/", "log_file_url": "http://logs.ute.nsn-rdnet.net/cloud/execution/13922153/execution_for_preparation_b6542300-b6f8-41a1-8939-3677d2229fab/test_results/log.html", "log_file_url_ext": null, "start_time": "2022-04-01T05:29:57Z", "end_time": "2022-04-01T05:41:17Z", "analyzed": false, "analyzed_by": null}}, {"model": "tra.testrun", "pk": 27, "fields": {"rp_id": 62580604, "test_instance": 18, "testline_type": "CLOUD_5G_I_LO_AP_LO_SANSA_FS_ECPRI_CMWV_TDD", "organization": "RAN_L2_SW_KRK_2_SG02", "result": "passed", "env_issue_type": "", "fail_message": "", "test_line": "MN Trunk Engine_Wroclaw_UTE5GCLASSICAL1795", "test_suite": "testsuite/Krakow/RRM/MN_RAN_L2/5GC001085/CB007883-5G-A.robot", "builds": "SBTS00_ENB_9999_220330_000018", "ute_exec_url": "http://logs.ute.nsn-rdnet.net/cloud/execution/13922153/", "log_file_url": "http://logs.ute.nsn-rdnet.net/cloud/execution/13922153/execution_for_preparation_b6542300-b6f8-41a1-8939-3677d2229fab/test_results/log.html", "log_file_url_ext": null, "start_time": "2022-04-01T05:15:57Z", "end_time": "2022-04-01T05:29:57Z", "analyzed": false, "analyzed_by": null}}, {"model": "tra.testrun", "pk": 28, "fields": {"rp_id": 62580602, "test_instance": 19, "testline_type": "CLOUD_5G_I_LO_AP_LO_SANSA_FS_ECPRI_CMWV_TDD", "organization": "RAN_L2_SW_KRK_2_SG02", "result": "passed", "env_issue_type": "", "fail_message": "", "test_line": "MN Trunk Engine_Wroclaw_UTE5GCLASSICAL1795", "test_suite": "testsuite/Krakow/RRM/MN_RAN_L2/5GC001085/CB007883-5G-A.robot", "builds": "SBTS00_ENB_9999_220330_000018", "ute_exec_url": "http://logs.ute.nsn-rdnet.net/cloud/execution/13922153/", "log_file_url": "http://logs.ute.nsn-rdnet.net/cloud/execution/13922153/execution_for_preparation_b6542300-b6f8-41a1-8939-3677d2229fab/test_results/log.html", "log_file_url_ext": null, "start_time": "2022-04-01T04:59:10Z", "end_time": "2022-04-01T05:15:57Z", "analyzed": false, "analyzed_by": null}}, {"model": "tra.testrun", "pk": 29, "fields": {"rp_id": 62580598, "test_instance": 20, "testline_type": "CLOUD_5G_I_LO_AP_LO_SANSA_FS_ECPRI_CMWV_TDD", "organization": "RAN_L2_SW_KRK_2_SG02", "result": "passed", "env_issue_type": "", "fail_message": "", "test_line": "MN Trunk Engine_Wroclaw_UTE5GCLASSICAL1795", "test_suite": "testsuite/Krakow/RRM/MN_RAN_L2/5GC001085/CB007883-5G-A.robot", "builds": "SBTS00_ENB_9999_220330_000018", "ute_exec_url": "http://logs.ute.nsn-rdnet.net/cloud/execution/13922153/", "log_file_url": "http://logs.ute.nsn-rdnet.net/cloud/execution/13922153/execution_for_preparation_b6542300-b6f8-41a1-8939-3677d2229fab/test_results/log.html", "log_file_url_ext": null, "start_time": "2022-04-01T04:46:23Z", "end_time": "2022-04-01T04:59:10Z", "analyzed": false, "analyzed_by": null}}, {"model": "tra.testrun", "pk": 30, "fields": {"rp_id": 62580595, "test_instance": 21, "testline_type": "CLOUD_5G_I_LO_AP_LO_SANSA_FS_ECPRI_CMWV_TDD", "organization": "RAN_L2_SW_KRK_2_SG02", "result": "passed", "env_issue_type": "", "fail_message": "", "test_line": "MN Trunk Engine_Wroclaw_UTE5GCLASSICAL1795", "test_suite": "testsuite/Krakow/RRM/MN_RAN_L2/5GC001085/CB007883-5G-A.robot", "builds": "SBTS00_ENB_9999_220330_000018", "ute_exec_url": "http://logs.ute.nsn-rdnet.net/cloud/execution/13922153/", "log_file_url": "http://logs.ute.nsn-rdnet.net/cloud/execution/13922153/execution_for_preparation_b6542300-b6f8-41a1-8939-3677d2229fab/test_results/log.html", "log_file_url_ext": null, "start_time": "2022-04-01T04:31:36Z", "end_time": "2022-04-01T04:46:23Z", "analyzed": false, "analyzed_by": null}}, {"model": "tra.testrun", "pk": 31, "fields": {"rp_id": 62580593, "test_instance": 22, "testline_type": "CLOUD_5G_I_LO_AP_LO_SANSA_FS_ECPRI_CMWV_TDD", "organization": "RAN_L2_SW_KRK_2_SG02", "result": "environment issue", "env_issue_type": "iPHY", "fail_message": "Setup failed:\nMibSibAcquisitionFailed: MIB-SIB Acquisition failed over 4 retries", "test_line": "MN Trunk Engine_Wroclaw_UTE5GCLASSICAL1795", "test_suite": "testsuite/Krakow/RRM/MN_RAN_L2/5GC001085/CB007883-5G-A.robot", "builds": "SBTS00_ENB_9999_220330_000018", "ute_exec_url": "http://logs.ute.nsn-rdnet.net/cloud/execution/13922153/", "log_file_url": "http://logs.ute.nsn-rdnet.net/cloud/execution/13922153/execution_for_preparation_b6542300-b6f8-41a1-8939-3677d2229fab/test_results/log.html", "log_file_url_ext": null, "start_time": "2022-04-01T03:01:03Z", "end_time": "2022-04-01T04:31:36Z", "analyzed": false, "analyzed_by": null}}, {"model": "tra.testrun", "pk": 32, "fields": {"rp_id": 62580591, "test_instance": 23, "testline_type": "CLOUD_5G_I_LO_AP_LO_SANSA_FS_ECPRI_CMWV_TDD", "organization": "RAN_L2_SW_KRK_2_SG02", "result": "passed", "env_issue_type": "", "fail_message": "", "test_line": "MN Trunk Engine_Wroclaw_UTE5GCLASSICAL1795", "test_suite": "testsuite/Krakow/RRM/MN_RAN_L2/5GC001085/CB007883-5G-A.robot", "builds": "SBTS00_ENB_9999_220330_000018", "ute_exec_url": "http://logs.ute.nsn-rdnet.net/cloud/execution/13922153/", "log_file_url": "http://logs.ute.nsn-rdnet.net/cloud/execution/13922153/execution_for_preparation_b6542300-b6f8-41a1-8939-3677d2229fab/test_results/log.html", "log_file_url_ext": null, "start_time": "2022-04-01T02:44:01Z", "end_time": "2022-04-01T03:01:03Z", "analyzed": false, "analyzed_by": null}}, {"model": "tra.testrun", "pk": 33, "fields": {"rp_id": 62580588, "test_instance": 24, "testline_type": "CLOUD_5G_I_LO_AP_LO_SANSA_FS_ECPRI_CMWV_TDD", "organization": "RAN_L2_SW_KRK_2_SG02", "result": "passed", "env_issue_type": "", "fail_message": "", "test_line": "MN Trunk Engine_Wroclaw_UTE5GCLASSICAL1795", "test_suite": "testsuite/Krakow/RRM/MN_RAN_L2/5GC001085/CB007883-5G-A.robot", "builds": "SBTS00_ENB_9999_220330_000018", "ute_exec_url": "http://logs.ute.nsn-rdnet.net/cloud/execution/13922153/", "log_file_url": "http://logs.ute.nsn-rdnet.net/cloud/execution/13922153/execution_for_preparation_b6542300-b6f8-41a1-8939-3677d2229fab/test_results/log.html", "log_file_url_ext": null, "start_time": "2022-04-01T02:30:01Z", "end_time": "2022-04-01T02:44:01Z", "analyzed": false, "analyzed_by": null}}, {"model": "tra.testrun", "pk": 34, "fields": {"rp_id": 62580586, "test_instance": 25, "testline_type": "CLOUD_5G_I_LO_AP_LO_SANSA_FS_ECPRI_CMWV_TDD", "organization": "RAN_L2_SW_KRK_2_SG02", "result": "passed", "env_issue_type": "", "fail_message": "", "test_line": "MN Trunk Engine_Wroclaw_UTE5GCLASSICAL1795", "test_suite": "testsuite/Krakow/RRM/MN_RAN_L2/5GC001085/CB007883-5G-A.robot", "builds": "SBTS00_ENB_9999_220330_000018", "ute_exec_url": "http://logs.ute.nsn-rdnet.net/cloud/execution/13922153/", "log_file_url": "http://logs.ute.nsn-rdnet.net/cloud/execution/13922153/execution_for_preparation_b6542300-b6f8-41a1-8939-3677d2229fab/test_results/log.html", "log_file_url_ext": null, "start_time": "2022-04-01T02:20:38Z", "end_time": "2022-04-01T02:30:01Z", "analyzed": false, "analyzed_by": null}}, {"model": "tra.testrun", "pk": 35, "fields": {"rp_id": 62406331, "test_instance": 1, "testline_type": "CLOUD_5G_I_LO_AP_LO_SANSA_FS_ECPRI_CMWV_TDD", "organization": "RAN_L2_SW_KRK_2_SG02", "result": "passed", "env_issue_type": "", "fail_message": "", "test_line": "MN Trunk Engine_Wroclaw_UTE5GCLASSICAL1473", "test_suite": "testsuite/Krakow/RRM/MN_RAN_L2/5GC001085/CB007883-5G-A.robot", "builds": "SBTS00_ENB_9999_220329_000019", "ute_exec_url": "http://logs.ute.nsn-rdnet.net/cloud/execution/13906697/", "log_file_url": "http://logs.ute.nsn-rdnet.net/cloud/execution/13906697/execution_for_preparation_969e251d-877d-4b1f-b2fb-e5dca0d1264f/test_results/log.html", "log_file_url_ext": null, "start_time": "2022-03-31T00:29:20Z", "end_time": "2022-03-31T00:46:03Z", "analyzed": false, "analyzed_by": null}}, {"model": "tra.testrun", "pk": 36, "fields": {"rp_id": 62406329, "test_instance": 2, "testline_type": "CLOUD_5G_I_LO_AP_LO_SANSA_FS_ECPRI_CMWV_TDD", "organization": "RAN_L2_SW_KRK_2_SG02", "result": "passed", "env_issue_type": "", "fail_message": "", "test_line": "MN Trunk Engine_Wroclaw_UTE5GCLASSICAL1473", "test_suite": "testsuite/Krakow/RRM/MN_RAN_L2/5GC001085/CB007883-5G-A.robot", "builds": "SBTS00_ENB_9999_220329_000019", "ute_exec_url": "http://logs.ute.nsn-rdnet.net/cloud/execution/13906697/", "log_file_url": "http://logs.ute.nsn-rdnet.net/cloud/execution/13906697/execution_for_preparation_969e251d-877d-4b1f-b2fb-e5dca0d1264f/test_results/log.html", "log_file_url_ext": null, "start_time": "2022-03-31T00:16:30Z", "end_time": "2022-03-31T00:29:20Z", "analyzed": false, "analyzed_by": null}}, {"model": "tra.testrun", "pk": 37, "fields": {"rp_id": 62943683, "test_instance": 1, "testline_type": "CLOUD_5G_I_LO_AP_LO_SANSA_FS_ECPRI_CMWV_TDD", "organization": "RAN_L2_SW_KRK_2_SG02", "result": "passed", "env_issue_type": "", "fail_message": "", "test_line": "MN Trunk Engine_Wroclaw_UTE5GCLASSICAL1441", "test_suite": "testsuite/Krakow/RRM/MN_RAN_L2/5GC001085/CB007883-5G-A.robot", "builds": "SBTS00_ENB_9999_220403_000002", "ute_exec_url": "http://logs.ute.nsn-rdnet.net/cloud/execution/13956697/", "log_file_url": "http://logs.ute.nsn-rdnet.net/cloud/execution/13956697/execution_for_preparation_31d0152f-9471-4843-88b4-7bb8c905ae97/test_results/log.html", "log_file_url_ext": null, "start_time": "2022-04-04T02:26:07Z", "end_time": "2022-04-04T02:42:55Z", "analyzed": false, "analyzed_by": null}}, {"model": "tra.testrun", "pk": 38, "fields": {"rp_id": 62943680, "test_instance": 2, "testline_type": "CLOUD_5G_I_LO_AP_LO_SANSA_FS_ECPRI_CMWV_TDD", "organization": "RAN_L2_SW_KRK_2_SG02", "result": "passed", "env_issue_type": "", "fail_message": "", "test_line": "MN Trunk Engine_Wroclaw_UTE5GCLASSICAL1441", "test_suite": "testsuite/Krakow/RRM/MN_RAN_L2/5GC001085/CB007883-5G-A.robot", "builds": "SBTS00_ENB_9999_220403_000002", "ute_exec_url": "http://logs.ute.nsn-rdnet.net/cloud/execution/13956697/", "log_file_url": "http://logs.ute.nsn-rdnet.net/cloud/execution/13956697/execution_for_preparation_31d0152f-9471-4843-88b4-7bb8c905ae97/test_results/log.html", "log_file_url_ext": null, "start_time": "2022-04-04T02:13:17Z", "end_time": "2022-04-04T02:26:07Z", "analyzed": false, "analyzed_by": null}}, {"model": "tra.testrun", "pk": 39, "fields": {"rp_id": 62943676, "test_instance": 3, "testline_type": "CLOUD_5G_I_LO_AP_LO_SANSA_FS_ECPRI_CMWV_TDD", "organization": "RAN_L2_SW_KRK_2_SG02", "result": "passed", "env_issue_type": "", "fail_message": "", "test_line": "MN Trunk Engine_Wroclaw_UTE5GCLASSICAL1441", "test_suite": "testsuite/Krakow/RRM/MN_RAN_L2/5GC001085/CB007883-5G-A.robot", "builds": "SBTS00_ENB_9999_220403_000002", "ute_exec_url": "http://logs.ute.nsn-rdnet.net/cloud/execution/13956697/", "log_file_url": "http://logs.ute.nsn-rdnet.net/cloud/execution/13956697/execution_for_preparation_31d0152f-9471-4843-88b4-7bb8c905ae97/test_results/log.html", "log_file_url_ext": null, "start_time": "2022-04-04T01:33:18Z", "end_time": "2022-04-04T02:13:17Z", "analyzed": false, "analyzed_by": null}}, {"model": "tra.testrun", "pk": 40, "fields": {"rp_id": 62943669, "test_instance": 16, "testline_type": "CLOUD_5G_I_LO_AP_LO_SANSA_FS_ECPRI_CMWV_TDD", "organization": "RAN_L2_SW_KRK_2_SG02", "result": "passed", "env_issue_type": "", "fail_message": "", "test_line": "MN Trunk Engine_Wroclaw_UTE5GCLASSICAL1441", "test_suite": "testsuite/Krakow/RRM/MN_RAN_L2/5GC001085/CB007883-5G-A.robot", "builds": "SBTS00_ENB_9999_220403_000002", "ute_exec_url": "http://logs.ute.nsn-rdnet.net/cloud/execution/13956697/", "log_file_url": "http://logs.ute.nsn-rdnet.net/cloud/execution/13956697/execution_for_preparation_31d0152f-9471-4843-88b4-7bb8c905ae97/test_results/log.html", "log_file_url_ext": null, "start_time": "2022-04-04T01:16:48Z", "end_time": "2022-04-04T01:33:18Z", "analyzed": false, "analyzed_by": null}}, {"model": "tra.testrun", "pk": 41, "fields": {"rp_id": 62943663, "test_instance": 17, "testline_type": "CLOUD_5G_I_LO_AP_LO_SANSA_FS_ECPRI_CMWV_TDD", "organization": "RAN_L2_SW_KRK_2_SG02", "result": "passed", "env_issue_type": "", "fail_message": "", "test_line": "MN Trunk Engine_Wroclaw_UTE5GCLASSICAL1441", "test_suite": "testsuite/Krakow/RRM/MN_RAN_L2/5GC001085/CB007883-5G-A.robot", "builds": "SBTS00_ENB_9999_220403_000002", "ute_exec_url": "http://logs.ute.nsn-rdnet.net/cloud/execution/13956697/", "log_file_url": "http://logs.ute.nsn-rdnet.net/cloud/execution/13956697/execution_for_preparation_31d0152f-9471-4843-88b4-7bb8c905ae97/test_results/log.html", "log_file_url_ext": null, "start_time": "2022-04-04T01:05:52Z", "end_time": "2022-04-04T01:16:48Z", "analyzed": false, "analyzed_by": null}}, {"model": "tra.testrun", "pk": 42, "fields": {"rp_id": 62943660, "test_instance": 18, "testline_type": "CLOUD_5G_I_LO_AP_LO_SANSA_FS_ECPRI_CMWV_TDD", "organization": "RAN_L2_SW_KRK_2_SG02", "result": "passed", "env_issue_type": "", "fail_message": "", "test_line": "MN Trunk Engine_Wroclaw_UTE5GCLASSICAL1441", "test_suite": "testsuite/Krakow/RRM/MN_RAN_L2/5GC001085/CB007883-5G-A.robot", "builds": "SBTS00_ENB_9999_220403_000002", "ute_exec_url": "http://logs.ute.nsn-rdnet.net/cloud/execution/13956697/", "log_file_url": "http://logs.ute.nsn-rdnet.net/cloud/execution/13956697/execution_for_preparation_31d0152f-9471-4843-88b4-7bb8c905ae97/test_results/log.html", "log_file_url_ext": null, "start_time": "2022-04-04T00:52:19Z", "end_time": "2022-04-04T01:05:52Z", "analyzed": false, "analyzed_by": null}}, {"model": "tra.testrun", "pk": 43, "fields": {"rp_id": 62943651, "test_instance": 19, "testline_type": "CLOUD_5G_I_LO_AP_LO_SANSA_FS_ECPRI_CMWV_TDD", "organization": "RAN_L2_SW_KRK_2_SG02", "result": "passed", "env_issue_type": "", "fail_message": "", "test_line": "MN Trunk Engine_Wroclaw_UTE5GCLASSICAL1441", "test_suite": "testsuite/Krakow/RRM/MN_RAN_L2/5GC001085/CB007883-5G-A.robot", "builds": "SBTS00_ENB_9999_220403_000002", "ute_exec_url": "http://logs.ute.nsn-rdnet.net/cloud/execution/13956697/", "log_file_url": "http://logs.ute.nsn-rdnet.net/cloud/execution/13956697/execution_for_preparation_31d0152f-9471-4843-88b4-7bb8c905ae97/test_results/log.html", "log_file_url_ext": null, "start_time": "2022-04-04T00:36:34Z", "end_time": "2022-04-04T00:52:19Z", "analyzed": false, "analyzed_by": null}}, {"model": "tra.testrun", "pk": 44, "fields": {"rp_id": 62943649, "test_instance": 20, "testline_type": "CLOUD_5G_I_LO_AP_LO_SANSA_FS_ECPRI_CMWV_TDD", "organization": "RAN_L2_SW_KRK_2_SG02", "result": "environment issue", "env_issue_type": "Other", "fail_message": "Setup failed:\nMibSibAcquisitionFailed: MIB-SIB Acquisition failed over 4 retries", "test_line": "MN Trunk Engine_Wroclaw_UTE5GCLASSICAL1441", "test_suite": "testsuite/Krakow/RRM/MN_RAN_L2/5GC001085/CB007883-5G-A.robot", "builds": "SBTS00_ENB_9999_220403_000002", "ute_exec_url": "http://logs.ute.nsn-rdnet.net/cloud/execution/13956697/", "log_file_url": "http://logs.ute.nsn-rdnet.net/cloud/execution/13956697/execution_for_preparation_31d0152f-9471-4843-88b4-7bb8c905ae97/test_results/log.html", "log_file_url_ext": null, "start_time": "2022-04-03T23:06:08Z", "end_time": "2022-04-04T00:36:34Z", "analyzed": false, "analyzed_by": null}}, {"model": "tra.testrun", "pk": 45, "fields": {"rp_id": 62943648, "test_instance": 21, "testline_type": "CLOUD_5G_I_LO_AP_LO_SANSA_FS_ECPRI_CMWV_TDD", "organization": "RAN_L2_SW_KRK_2_SG02", "result": "environment issue", "env_issue_type": "Other", "fail_message": "Setup failed:\nMibSibAcquisitionFailed: MIB-SIB Acquisition failed over 4 retries", "test_line": "MN Trunk Engine_Wroclaw_UTE5GCLASSICAL1441", "test_suite": "testsuite/Krakow/RRM/MN_RAN_L2/5GC001085/CB007883-5G-A.robot", "builds": "SBTS00_ENB_9999_220403_000002", "ute_exec_url": "http://logs.ute.nsn-rdnet.net/cloud/execution/13956697/", "log_file_url": "http://logs.ute.nsn-rdnet.net/cloud/execution/13956697/execution_for_preparation_31d0152f-9471-4843-88b4-7bb8c905ae97/test_results/log.html", "log_file_url_ext": null, "start_time": "2022-04-03T21:35:22Z", "end_time": "2022-04-03T23:06:08Z", "analyzed": false, "analyzed_by": null}}, {"model": "tra.testrun", "pk": 46, "fields": {"rp_id": 62943646, "test_instance": 22, "testline_type": "CLOUD_5G_I_LO_AP_LO_SANSA_FS_ECPRI_CMWV_TDD", "organization": "RAN_L2_SW_KRK_2_SG02", "result": "passed", "env_issue_type": "", "fail_message": "", "test_line": "MN Trunk Engine_Wroclaw_UTE5GCLASSICAL1441", "test_suite": "testsuite/Krakow/RRM/MN_RAN_L2/5GC001085/CB007883-5G-A.robot", "builds": "SBTS00_ENB_9999_220403_000002", "ute_exec_url": "http://logs.ute.nsn-rdnet.net/cloud/execution/13956697/", "log_file_url": "http://logs.ute.nsn-rdnet.net/cloud/execution/13956697/execution_for_preparation_31d0152f-9471-4843-88b4-7bb8c905ae97/test_results/log.html", "log_file_url_ext": null, "start_time": "2022-04-03T21:23:05Z", "end_time": "2022-04-03T21:35:22Z", "analyzed": false, "analyzed_by": null}}, {"model": "tra.testrun", "pk": 47, "fields": {"rp_id": 62943643, "test_instance": 23, "testline_type": "CLOUD_5G_I_LO_AP_LO_SANSA_FS_ECPRI_CMWV_TDD", "organization": "RAN_L2_SW_KRK_2_SG02", "result": "passed", "env_issue_type": "", "fail_message": "", "test_line": "MN Trunk Engine_Wroclaw_UTE5GCLASSICAL1441", "test_suite": "testsuite/Krakow/RRM/MN_RAN_L2/5GC001085/CB007883-5G-A.robot", "builds": "SBTS00_ENB_9999_220403_000002", "ute_exec_url": "http://logs.ute.nsn-rdnet.net/cloud/execution/13956697/", "log_file_url": "http://logs.ute.nsn-rdnet.net/cloud/execution/13956697/execution_for_preparation_31d0152f-9471-4843-88b4-7bb8c905ae97/test_results/log.html", "log_file_url_ext": null, "start_time": "2022-04-03T21:06:40Z", "end_time": "2022-04-03T21:23:05Z", "analyzed": false, "analyzed_by": null}}, {"model": "tra.testrun", "pk": 48, "fields": {"rp_id": 62943641, "test_instance": 24, "testline_type": "CLOUD_5G_I_LO_AP_LO_SANSA_FS_ECPRI_CMWV_TDD", "organization": "RAN_L2_SW_KRK_2_SG02", "result": "passed", "env_issue_type": "", "fail_message": "", "test_line": "MN Trunk Engine_Wroclaw_UTE5GCLASSICAL1441", "test_suite": "testsuite/Krakow/RRM/MN_RAN_L2/5GC001085/CB007883-5G-A.robot", "builds": "SBTS00_ENB_9999_220403_000002", "ute_exec_url": "http://logs.ute.nsn-rdnet.net/cloud/execution/13956697/", "log_file_url": "http://logs.ute.nsn-rdnet.net/cloud/execution/13956697/execution_for_preparation_31d0152f-9471-4843-88b4-7bb8c905ae97/test_results/log.html", "log_file_url_ext": null, "start_time": "2022-04-03T19:58:48Z", "end_time": "2022-04-03T21:06:40Z", "analyzed": false, "analyzed_by": null}}, {"model": "tra.testrun", "pk": 49, "fields": {"rp_id": 62943635, "test_instance": 25, "testline_type": "CLOUD_5G_I_LO_AP_LO_SANSA_FS_ECPRI_CMWV_TDD", "organization": "RAN_L2_SW_KRK_2_SG02", "result": "passed", "env_issue_type": "", "fail_message": "", "test_line": "MN Trunk Engine_Wroclaw_UTE5GCLASSICAL1441", "test_suite": "testsuite/Krakow/RRM/MN_RAN_L2/5GC001085/CB007883-5G-A.robot", "builds": "SBTS00_ENB_9999_220403_000002", "ute_exec_url": "http://logs.ute.nsn-rdnet.net/cloud/execution/13956697/", "log_file_url": "http://logs.ute.nsn-rdnet.net/cloud/execution/13956697/execution_for_preparation_31d0152f-9471-4843-88b4-7bb8c905ae97/test_results/log.html", "log_file_url_ext": null, "start_time": "2022-04-03T19:31:22Z", "end_time": "2022-04-03T19:58:48Z", "analyzed": false, "analyzed_by": null}}, {"model": "tra.testrun", "pk": 50, "fields": {"rp_id": 62825572, "test_instance": 1, "testline_type": "CLOUD_5G_I_LO_AP_LO_SANSA_FS_ECPRI_CMWV_TDD", "organization": "RAN_L2_SW_KRK_2_SG02", "result": "passed", "env_issue_type": "", "fail_message": "", "test_line": "5G_Krakow_UTE5GCLOUDT8SK056", "test_suite": "testsuite/Krakow/RRM/MN_RAN_L2/5GC001085/CB007883-5G-A.robot", "builds": "SBTS00_ENB_9999_220401_000004", "ute_exec_url": "http://logs.ute.nsn-rdnet.net/cloud/execution/13934638/", "log_file_url": "http://logs.ute.nsn-rdnet.net/cloud/execution/13934638/execution_for_preparation_7b129fee-5954-485b-8f67-1f8a3bfda3d9/test_results/log.html", "log_file_url_ext": null, "start_time": "2022-04-03T02:07:45Z", "end_time": "2022-04-03T02:25:44Z", "analyzed": false, "analyzed_by": null}}, {"model": "tra.testrun", "pk": 51, "fields": {"rp_id": 62825570, "test_instance": 2, "testline_type": "CLOUD_5G_I_LO_AP_LO_SANSA_FS_ECPRI_CMWV_TDD", "organization": "RAN_L2_SW_KRK_2_SG02", "result": "passed", "env_issue_type": "", "fail_message": "", "test_line": "5G_Krakow_UTE5GCLOUDT8SK056", "test_suite": "testsuite/Krakow/RRM/MN_RAN_L2/5GC001085/CB007883-5G-A.robot", "builds": "SBTS00_ENB_9999_220401_000004", "ute_exec_url": "http://logs.ute.nsn-rdnet.net/cloud/execution/13934638/", "log_file_url": "http://logs.ute.nsn-rdnet.net/cloud/execution/13934638/execution_for_preparation_7b129fee-5954-485b-8f67-1f8a3bfda3d9/test_results/log.html", "log_file_url_ext": null, "start_time": "2022-04-03T01:53:45Z", "end_time": "2022-04-03T02:07:45Z", "analyzed": false, "analyzed_by": null}}, {"model": "tra.testrun", "pk": 52, "fields": {"rp_id": 62285425, "test_instance": 21, "testline_type": "CLOUD_5G_I_LO_AP_LO_SANSA_FS_ECPRI_CMWV_TDD", "organization": "RAN_L2_SW_KRK_2_SG02", "result": "not analyzed", "env_issue_type": "", "fail_message": "NoRegexpMatch: It was not possible to find string after 15.0 secs to match regexp (Received REGISTRATION COMPLETE from UE with RAN UE NGAP ID) in output\n(\nEGATE> 19:25:34.392 INF: GNB-3: RECVD CELL-3.1 [ACTIVE]:CTRL_AP_GEN_TESTMODE_NR for testMode type=7 profileId=1 delete=0 CQI  PARAMS modeCqi = 1 variationPeriodCqi=0 numOfCqi=1 cqi= 15 cqiMin=0 cqiMax=0 cqiS\ntepSize= 0 overheatingCqiCount= 0 PMI PARAMS modePmi = 1 variationPeriodPmi= 0 numOfPmi= 1 pmi= 0 RI PARAMS modeRi = 1 variationPeriodRi= 0 numOfRi= 1 ri= 0 CRI PARAMS modeCri = 1 variationPeriodCri= \n0 numOfCri= 1 cri= 0 LI PARAMS modeLi = 1 variationPeriodLi= 0 numOfLi= 1 li= 0\nEGATE> 19:25:34.393 INF: GNB-3: RECVD CELL-3.1 [ACTIVE]:CTRL_AP_UE_TESTMODE_SET_NR for users=1 present_pscell_mask=0xffffffff numtestModes=1 testmode_list[testmode,profileId]=[7,1] action=0 numUsers=1 beam_a\nction=0\nEGATE> 19:25:34.466 INF: UEC-1: UE1: Starting SUCI based Registration.\nEGATE> 19:25:34.466 TRC: UEC-1: UE1[NR-RRC]: ->UL-CCCH-NR\nvalue UL-CCCH-Message ::= \n{\n  message c1 : rrcSetupRequest : \n    [ Message content over the limit has been removed. ]\n\n    criticalExtensions rrcSetupComplete : \n\n    {\n\n      selectedPLMN-Identity 1,\n\n      dedicatedNAS-Message '7E004171000D0113918400000000206154 ...'H\n\n    }\n\n  }\n\n}\n\n\n\nEGATE> 19:25:34.516 INF: UEC-1: UE1: RrcState: NR CONNECTED\n\nEGATE> )", "test_line": "MN Trunk Engine_Wroclaw_UTE5GCLASSICAL1585", "test_suite": "testsuite/Krakow/RRM/MN_RAN_L2/5GC001085/CB007883-5G-A.robot", "builds": "SBTS00_ENB_9999_220329_000007", "ute_exec_url": "http://logs.ute.nsn-rdnet.net/cloud/execution/13898607/", "log_file_url": "http://logs.ute.nsn-rdnet.net/cloud/execution/13898607/execution_for_preparation_4e48dabc-3757-474b-9a88-f164bd0b9b0f/test_results/log.html", "log_file_url_ext": null, "start_time": "2022-03-29T19:17:06Z", "end_time": "2022-03-29T19:38:37Z", "analyzed": false, "analyzed_by": null}}, {"model": "tra.testrun", "pk": 53, "fields": {"rp_id": 62195108, "test_instance": 21, "testline_type": "CLOUD_5G_I_LO_AP_LO_SANSA_FS_ECPRI_CMWV_TDD", "organization": "RAN_L2_SW_KRK_2_SG02", "result": "not analyzed", "env_issue_type": "", "fail_message": "NoRegexpMatch: It was not possible to find string after 15.0 secs to match regexp (Received REGISTRATION COMPLETE from UE with RAN UE NGAP ID) in output\n(\nEGATE> 23:50:58.997 INF: GNB-3: RECVD CELL-3.1 [ACTIVE]:CTRL_AP_GEN_TESTMODE_NR for testMode type=7 profileId=1 delete=0 CQI  PARAMS modeCqi = 1 variationPeriodCqi=0 numOfCqi=1 cqi= 15 cqiMin=0 cqiMax=0 cqiS\ntepSize= 0 overheatingCqiCount= 0 PMI PARAMS modePmi = 1 variationPeriodPmi= 0 numOfPmi= 1 pmi= 0 RI PARAMS modeRi = 1 variationPeriodRi= 0 numOfRi= 1 ri= 0 CRI PARAMS modeCri = 1 variationPeriodCri= \n0 numOfCri= 1 cri= 0 LI PARAMS modeLi = 1 variationPeriodLi= 0 numOfLi= 1 li= 0\nEGATE> 23:50:58.997 INF: GNB-3: RECVD CELL-3.1 [ACTIVE]:CTRL_AP_UE_TESTMODE_SET_NR for users=1 present_pscell_mask=0xffffffff numtestModes=1 testmode_list[testmode,profileId]=[7,1] action=0 numUsers=1 beam_a\nction=0\nEGATE> 23:50:59.041 INF: UEC-1: UE1: Starting SUCI based Registration.\nEGATE> 23:50:59.041 TRC: UEC-1: UE1[NR-RRC]: ->UL-CCCH-NR\nvalue UL-CCCH-Message ::= \n{\n  message c1 : rrcSetupRequest : \n    [ Message content over the limit has been removed. ]\n\n    criticalExtensions rrcSetupComplete : \n\n    {\n\n      selectedPLMN-Identity 1,\n\n      dedicatedNAS-Message '7E004171000D0113918400000000206154 ...'H\n\n    }\n\n  }\n\n}\n\n\n\nEGATE> 23:50:59.093 INF: UEC-1: UE1: RrcState: NR CONNECTED\n\nEGATE> )", "test_line": "MN Trunk Engine_Wroclaw_UTE5GCLASSICAL1843", "test_suite": "testsuite/Krakow/RRM/MN_RAN_L2/5GC001085/CB007883-5G-A.robot", "builds": "SBTS00_ENB_9999_220328_000004", "ute_exec_url": "http://logs.ute.nsn-rdnet.net/cloud/execution/13894439/", "log_file_url": "http://logs.ute.nsn-rdnet.net/cloud/execution/13894439/execution_for_preparation_0b94dfb7-499c-4b8b-865a-3b9848b2f0dd/test_results/log.html", "log_file_url_ext": null, "start_time": "2022-03-28T23:42:18Z", "end_time": "2022-03-29T00:04:24Z", "analyzed": false, "analyzed_by": null}}, {"model": "tra.testrun", "pk": 54, "fields": {"rp_id": 61935882, "test_instance": 16, "testline_type": "CLOUD_5G_I_LO_AP_LO_SANSA_FS_ECPRI_CMWV_TDD", "organization": "RAN_L2_SW_KRK_2_SG02", "result": "not analyzed", "env_issue_type": "", "fail_message": "Setup failed:\nRadioHeadTimeoutException: RadioHeadTimeoutException occurred over 4 times", "test_line": "5G_Paris-Saclay_UTE5GCLASSTL060", "test_suite": "testsuite/Krakow/RRM/MN_RAN_L2/5GC001085/CB007883-5G-A.robot", "builds": "SBTS00_ENB_9999_220326_000002", "ute_exec_url": "http://logs.ute.nsn-rdnet.net/cloud/execution/13866426/", "log_file_url": "http://logs.ute.nsn-rdnet.net/cloud/execution/13866426/execution_for_preparation_4dbac933-f740-4828-82e3-6a31d963f4f4/test_results/log.html", "log_file_url_ext": null, "start_time": "2022-03-26T14:55:24Z", "end_time": "2022-03-26T16:21:00Z", "analyzed": false, "analyzed_by": null}}, {"model": "tra.testrun", "pk": 55, "fields": {"rp_id": 61851956, "test_instance": 19, "testline_type": "CLOUD_5G_I_LO_AP_LO_SANSA_FS_ECPRI_CMWV_TDD", "organization": "RAN_L2_SW_KRK_2_SG02", "result": "not analyzed", "env_issue_type": "", "fail_message": "NoRegexpMatch: It was not possible to find string after 15.0 secs to match regexp (Received REGISTRATION COMPLETE from UE with RAN UE NGAP ID) in output\n(\nEGATE> 21:46:08.053 INF: GNB-3: RECVD CELL-3.1 [ACTIVE]:CTRL_AP_GEN_TESTMODE_NR for testMode type=7 profileId=1 delete=0 CQI  PARAMS modeCqi = 1 variationPeriodCqi=0 numOfCqi=1 cqi= 15 cqiMin=0 cqiMax=0 cqiS\ntepSize= 0 overheatingCqiCount= 0 PMI PARAMS modePmi = 1 variationPeriodPmi= 0 numOfPmi= 1 pmi= 0 RI PARAMS modeRi = 1 variationPeriodRi= 0 numOfRi= 1 ri= 0 CRI PARAMS modeCri = 1 variationPeriodCri= \n0 numOfCri= 1 cri= 0 LI PARAMS modeLi = 1 variationPeriodLi= 0 numOfLi= 1 li= 0\nEGATE> 21:46:08.054 INF: GNB-3: RECVD CELL-3.1 [ACTIVE]:CTRL_AP_UE_TESTMODE_SET_NR for users=1 present_pscell_mask=0xffffffff numtestModes=1 testmode_list[testmode,profileId]=[7,1] action=0 numUsers=1 beam_a\nction=0\nEGATE> 21:46:08.102 INF: UEC-1: UE1: Starting SUCI based Registration.\nEGATE> 21:46:08.102 TRC: UEC-1: UE1[NR-RRC]: ->UL-CCCH-NR\nvalue UL-CCCH-Message ::= \n{\n  message c1 : rrcSetupRequest : \n    [ Message content over the limit has been removed. ]\n      t311 ms3000,\n\n      n311 n1,\n\n      t319 ms400\n\n    }\n\n  }\n\n}\n\n\n\nEGATE> 21:46:09.846 INF: UEC-1: SIB1 frequencyInfoDL frequencyBand: 78\n\nEGATE> 21:46:09.847 INF: UEC-1: eNB 2 cell 1: SystemInformationBlockType1-NR updated\n\nEGATE> )", "test_line": "MN Trunk Engine_Wroclaw_UTE5GCLASSICAL2436", "test_suite": "testsuite/Krakow/RRM/MN_RAN_L2/5GC001085/CB007883-5G-A.robot", "builds": "SBTS00_ENB_9999_220325_000007", "ute_exec_url": "http://logs.ute.nsn-rdnet.net/cloud/execution/13854907/", "log_file_url": "http://logs.ute.nsn-rdnet.net/cloud/execution/13854907/execution_for_preparation_e60ac7be-1c69-42ad-9012-eebaa93670de/test_results/log.html", "log_file_url_ext": null, "start_time": "2022-03-25T21:33:30Z", "end_time": "2022-03-25T22:02:15Z", "analyzed": false, "analyzed_by": null}}, {"model": "tra.testrun", "pk": 56, "fields": {"rp_id": 61714752, "test_instance": 16, "testline_type": "CLOUD_5G_I_LO_AP_LO_SANSA_FS_ECPRI_CMWV_TDD", "organization": "RAN_L2_SW_KRK_2_SG02", "result": "not analyzed", "env_issue_type": "", "fail_message": "Parent suite setup failed:\nAttributeError: type object 'SwConfigModifier' has no attribute 'get_capability_unit_name'", "test_line": "5G_Krakow_UTE5GKRK2TL268", "test_suite": "testsuite/Krakow/RRM/MN_RAN_L2/5GC001085/CB007883-5G-A.robot", "builds": "SBTS00_ENB_9999_220324_000008", "ute_exec_url": "http://logs.ute.nsn-rdnet.net/cloud/execution/13847694/", "log_file_url": "http://logs.ute.nsn-rdnet.net/cloud/execution/13847694/execution_for_preparation_c513a10d-e667-4ca7-8325-56f98c57d73b/test_results/log.html", "log_file_url_ext": null, "start_time": "2022-03-24T20:46:38Z", "end_time": "2022-03-24T20:46:38Z", "analyzed": false, "analyzed_by": null}}, {"model": "tra.testrun", "pk": 57, "fields": {"rp_id": 61714750, "test_instance": 17, "testline_type": "CLOUD_5G_I_LO_AP_LO_SANSA_FS_ECPRI_CMWV_TDD", "organization": "RAN_L2_SW_KRK_2_SG02", "result": "not analyzed", "env_issue_type": "", "fail_message": "Parent suite setup failed:\nAttributeError: type object 'SwConfigModifier' has no attribute 'get_capability_unit_name'", "test_line": "5G_Krakow_UTE5GKRK2TL268", "test_suite": "testsuite/Krakow/RRM/MN_RAN_L2/5GC001085/CB007883-5G-A.robot", "builds": "SBTS00_ENB_9999_220324_000008", "ute_exec_url": "http://logs.ute.nsn-rdnet.net/cloud/execution/13847694/", "log_file_url": "http://logs.ute.nsn-rdnet.net/cloud/execution/13847694/execution_for_preparation_c513a10d-e667-4ca7-8325-56f98c57d73b/test_results/log.html", "log_file_url_ext": null, "start_time": "2022-03-24T20:46:38Z", "end_time": "2022-03-24T20:46:38Z", "analyzed": false, "analyzed_by": null}}, {"model": "tra.testrun", "pk": 58, "fields": {"rp_id": 61714749, "test_instance": 18, "testline_type": "CLOUD_5G_I_LO_AP_LO_SANSA_FS_ECPRI_CMWV_TDD", "organization": "RAN_L2_SW_KRK_2_SG02", "result": "not analyzed", "env_issue_type": "", "fail_message": "Parent suite setup failed:\nAttributeError: type object 'SwConfigModifier' has no attribute 'get_capability_unit_name'", "test_line": "5G_Krakow_UTE5GKRK2TL268", "test_suite": "testsuite/Krakow/RRM/MN_RAN_L2/5GC001085/CB007883-5G-A.robot", "builds": "SBTS00_ENB_9999_220324_000008", "ute_exec_url": "http://logs.ute.nsn-rdnet.net/cloud/execution/13847694/", "log_file_url": "http://logs.ute.nsn-rdnet.net/cloud/execution/13847694/execution_for_preparation_c513a10d-e667-4ca7-8325-56f98c57d73b/test_results/log.html", "log_file_url_ext": null, "start_time": "2022-03-24T20:46:38Z", "end_time": "2022-03-24T20:46:38Z", "analyzed": false, "analyzed_by": null}}, {"model": "tra.testrun", "pk": 59, "fields": {"rp_id": 61714748, "test_instance": 19, "testline_type": "CLOUD_5G_I_LO_AP_LO_SANSA_FS_ECPRI_CMWV_TDD", "organization": "RAN_L2_SW_KRK_2_SG02", "result": "not analyzed", "env_issue_type": "", "fail_message": "Parent suite setup failed:\nAttributeError: type object 'SwConfigModifier' has no attribute 'get_capability_unit_name'", "test_line": "5G_Krakow_UTE5GKRK2TL268", "test_suite": "testsuite/Krakow/RRM/MN_RAN_L2/5GC001085/CB007883-5G-A.robot", "builds": "SBTS00_ENB_9999_220324_000008", "ute_exec_url": "http://logs.ute.nsn-rdnet.net/cloud/execution/13847694/", "log_file_url": "http://logs.ute.nsn-rdnet.net/cloud/execution/13847694/execution_for_preparation_c513a10d-e667-4ca7-8325-56f98c57d73b/test_results/log.html", "log_file_url_ext": null, "start_time": "2022-03-24T20:46:38Z", "end_time": "2022-03-24T20:46:38Z", "analyzed": false, "analyzed_by": null}}, {"model": "tra.testrun", "pk": 60, "fields": {"rp_id": 61714746, "test_instance": 20, "testline_type": "CLOUD_5G_I_LO_AP_LO_SANSA_FS_ECPRI_CMWV_TDD", "organization": "RAN_L2_SW_KRK_2_SG02", "result": "not analyzed", "env_issue_type": "", "fail_message": "Parent suite setup failed:\nAttributeError: type object 'SwConfigModifier' has no attribute 'get_capability_unit_name'", "test_line": "5G_Krakow_UTE5GKRK2TL268", "test_suite": "testsuite/Krakow/RRM/MN_RAN_L2/5GC001085/CB007883-5G-A.robot", "builds": "SBTS00_ENB_9999_220324_000008", "ute_exec_url": "http://logs.ute.nsn-rdnet.net/cloud/execution/13847694/", "log_file_url": "http://logs.ute.nsn-rdnet.net/cloud/execution/13847694/execution_for_preparation_c513a10d-e667-4ca7-8325-56f98c57d73b/test_results/log.html", "log_file_url_ext": null, "start_time": "2022-03-24T20:46:38Z", "end_time": "2022-03-24T20:46:38Z", "analyzed": false, "analyzed_by": null}}, {"model": "tra.testrun", "pk": 61, "fields": {"rp_id": 61714745, "test_instance": 21, "testline_type": "CLOUD_5G_I_LO_AP_LO_SANSA_FS_ECPRI_CMWV_TDD", "organization": "RAN_L2_SW_KRK_2_SG02", "result": "not analyzed", "env_issue_type": "", "fail_message": "Parent suite setup failed:\nAttributeError: type object 'SwConfigModifier' has no attribute 'get_capability_unit_name'", "test_line": "5G_Krakow_UTE5GKRK2TL268", "test_suite": "testsuite/Krakow/RRM/MN_RAN_L2/5GC001085/CB007883-5G-A.robot", "builds": "SBTS00_ENB_9999_220324_000008", "ute_exec_url": "http://logs.ute.nsn-rdnet.net/cloud/execution/13847694/", "log_file_url": "http://logs.ute.nsn-rdnet.net/cloud/execution/13847694/execution_for_preparation_c513a10d-e667-4ca7-8325-56f98c57d73b/test_results/log.html", "log_file_url_ext": null, "start_time": "2022-03-24T20:46:38Z", "end_time": "2022-03-24T20:46:38Z", "analyzed": false, "analyzed_by": null}}, {"model": "tra.testrun", "pk": 62, "fields": {"rp_id": 61714744, "test_instance": 22, "testline_type": "CLOUD_5G_I_LO_AP_LO_SANSA_FS_ECPRI_CMWV_TDD", "organization": "RAN_L2_SW_KRK_2_SG02", "result": "not analyzed", "env_issue_type": "", "fail_message": "Parent suite setup failed:\nAttributeError: type object 'SwConfigModifier' has no attribute 'get_capability_unit_name'", "test_line": "5G_Krakow_UTE5GKRK2TL268", "test_suite": "testsuite/Krakow/RRM/MN_RAN_L2/5GC001085/CB007883-5G-A.robot", "builds": "SBTS00_ENB_9999_220324_000008", "ute_exec_url": "http://logs.ute.nsn-rdnet.net/cloud/execution/13847694/", "log_file_url": "http://logs.ute.nsn-rdnet.net/cloud/execution/13847694/execution_for_preparation_c513a10d-e667-4ca7-8325-56f98c57d73b/test_results/log.html", "log_file_url_ext": null, "start_time": "2022-03-24T20:46:38Z", "end_time": "2022-03-24T20:46:38Z", "analyzed": false, "analyzed_by": null}}, {"model": "tra.testrun", "pk": 63, "fields": {"rp_id": 61714742, "test_instance": 23, "testline_type": "CLOUD_5G_I_LO_AP_LO_SANSA_FS_ECPRI_CMWV_TDD", "organization": "RAN_L2_SW_KRK_2_SG02", "result": "not analyzed", "env_issue_type": "", "fail_message": "Parent suite setup failed:\nAttributeError: type object 'SwConfigModifier' has no attribute 'get_capability_unit_name'", "test_line": "5G_Krakow_UTE5GKRK2TL268", "test_suite": "testsuite/Krakow/RRM/MN_RAN_L2/5GC001085/CB007883-5G-A.robot", "builds": "SBTS00_ENB_9999_220324_000008", "ute_exec_url": "http://logs.ute.nsn-rdnet.net/cloud/execution/13847694/", "log_file_url": "http://logs.ute.nsn-rdnet.net/cloud/execution/13847694/execution_for_preparation_c513a10d-e667-4ca7-8325-56f98c57d73b/test_results/log.html", "log_file_url_ext": null, "start_time": "2022-03-24T20:46:38Z", "end_time": "2022-03-24T20:46:38Z", "analyzed": false, "analyzed_by": null}}, {"model": "tra.testsfilter", "pk": 1, "fields": {"name": "LOLO filter", "user": 1, "test_set": 1, "testline_type": "CLOUD_5G_I_LO_AP_LO_SANSA_FS_ECPRI_CMWV_TDD"}}, {"model": "tra.testsfilter", "pk": 3, "fields": {"name": "awd", "user": 1, "test_set": 3, "testline_type": "CLOUD_5G_I_KL_AP_KL_SANSA_FS_CPRI_CMWV_TDD"}}]