[
    {
        "model": "tra.organization",
        "pk": "RAN_L2_SW_KRK_2_SG02",
        "fields": {}
    },
    {
        "model": "tra.envissuetype",
        "pk": "",
        "fields": {}
    },
    {
        "model": "tra.envissuetype",
        "pk": "Other",
        "fields": {}
    },
    {
        "model": "tra.envissuetype",
        "pk": "iphy padl",
        "fields": {}
    },
    {
        "model": "tra.branch",
        "pk": "22R2",
        "fields": {}
    },
    {
        "model": "tra.branch",
        "pk": "Trunk",
        "fields": {}
    },
    {
        "model": "tra.testrunresult",
        "pk": "environment issue",
        "fields": {}
    },
    {
        "model": "tra.testrunresult",
        "pk": "not analyzed",
        "fields": {}
    },
    {
        "model": "tra.testlinetype",
        "pk": "CLOUD_5G_I_E_AP_LO_SANSA_FS_ECPRI_CMWV_TDD",
        "fields": {}
    },
    {
        "model": "tra.testlinetype",
        "pk": "CLOUD_5G_I_LO_AP_LO_SANSA_FS_ECPRI_CMWV_TDD",
        "fields": {}
    },
    {
        "model": "tra.featurebuild",
        "pk": "FB2204",
        "fields": {
            "start_time": "2022-02-16T00:00:00Z",
            "end_time": "2022-03-01T23:59:59Z"
        }
    },
    {
        "model": "tra.featurebuild",
        "pk": "FB2205",
        "fields": {
            "start_time": "2022-03-02T00:00:00Z",
            "end_time": "2022-03-15T23:59:59Z"
        }
    },
    {
        "model": "tra.featurebuild",
        "pk": "FB2206",
        "fields": {
            "start_time": "2022-03-16T00:00:00Z",
            "end_time": "2022-03-29T23:59:59Z"
        }
    },
    {
        "model": "tra.featurebuild",
        "pk": "FB2207",
        "fields": {
            "start_time": "2022-03-30T00:00:00Z",
            "end_time": "2022-04-12T23:59:59Z"
        }
    },
    {
        "model": "tra.featurebuild",
        "pk": "FB2208",
        "fields": {
            "start_time": "2022-04-13T00:00:00Z",
            "end_time": "2022-04-26T23:59:59Z"
        }
    },
    {
        "model": "tra.testset",
        "pk": 1,
        "fields": {
            "name": "5GC001085-B_Intra-frequency_inter-gNB_neighbor_NRREL_addition_-_Previously_established_Xn",
            "test_lab_path": "Root\\Test_Sets\\Trunk\\RAN_L2_SW_KRK_2\\5GC001085_ANR_for_SA_intra-NR_intra-frequency_UE_based",
            "branch": "Trunk"
        }
    },
    {
        "model": "tra.testset",
        "pk": 2,
        "fields": {
            "name": "5GC002175-QB",
            "test_lab_path": "Root\\Test_Sets\\22R2\\Regression\\RAN_L2_SW_KRK_2\\5GC002175_Spillover_from_SA_Mobility_(5GC000704_5GC000708)",
            "branch": "22R2"
        }
    },
    {
        "model": "tra.testinstance",
        "pk": 1,
        "fields": {
            "test_set": 1,
            "test_case_name": "5GC001085_B_003_Empty_gnbIdLengthConfig_object_-_trigger_ANR",
            "execution_suspended": false
        }
    },
    {
        "model": "tra.testinstance",
        "pk": 2,
        "fields": {
            "test_set": 1,
            "test_case_name": "5GC001085_B_001_Feature_flag_activation_and_deactivation",
            "execution_suspended": false
        }
    },
    {
        "model": "tra.testinstance",
        "pk": 3,
        "fields": {
            "test_set": 1,
            "test_case_name": "5GC001085_B_018_Measurement_Report_with_cgi-info_does_not_contain_TrackingAreaCode",
            "execution_suspended": false
        }
    },
    {
        "model": "tra.testinstance",
        "pk": 4,
        "fields": {
            "test_set": 1,
            "test_case_name": "5GC001085_B_023_Multiple_supported_PLMNs_in_cgi-info_for_cellDepType_set_to_both_SA_NSA",
            "execution_suspended": false
        }
    },
    {
        "model": "tra.testinstance",
        "pk": 5,
        "fields": {
            "test_set": 1,
            "test_case_name": "5GC001085_B_017_Unsupported_PLMN_received_in_cgi-info",
            "execution_suspended": false
        }
    },
    {
        "model": "tra.testinstance",
        "pk": 6,
        "fields": {
            "test_set": 1,
            "test_case_name": "5GC001085_B_015_NRADJNRCELL_object_already_exists_with_the_same_CGI_but_different_PCI_-_replace_PCI",
            "execution_suspended": false
        }
    },
    {
        "model": "tra.testinstance",
        "pk": 7,
        "fields": {
            "test_set": 1,
            "test_case_name": "5GC001085_B_014_NRADJNRCELL_object_already_exists_with_the_same_CGI_and_PCI_-_no_action_required",
            "execution_suspended": false
        }
    },
    {
        "model": "tra.testinstance",
        "pk": 8,
        "fields": {
            "test_set": 1,
            "test_case_name": "5GC001085_B_009_Both_NCI_Range_and_PLMN_ID_in_gnbIdLengthConfig_object_-_match_-_trigger_ANR",
            "execution_suspended": false
        }
    },
    {
        "model": "tra.testinstance",
        "pk": 9,
        "fields": {
            "test_set": 1,
            "test_case_name": "5GC001085_B_008_Both_NCI_Range_and_PLMN_ID_in_gnbIdLengthConfig_object_-_no_match_-_trigger_ANR",
            "execution_suspended": false
        }
    },
    {
        "model": "tra.testinstance",
        "pk": 10,
        "fields": {
            "test_set": 1,
            "test_case_name": "5GC001085_B_007_Only_PLMN_ID_in_gnbIdLengthConfig_object_-_match_-_trigger_ANR",
            "execution_suspended": false
        }
    },
    {
        "model": "tra.testinstance",
        "pk": 11,
        "fields": {
            "test_set": 1,
            "test_case_name": "5GC001085_B_005_Only_NCI_range_in_gnbIdLengthConfig_object_-_match_-_trigger_ANR",
            "execution_suspended": false
        }
    },
    {
        "model": "tra.testinstance",
        "pk": 12,
        "fields": {
            "test_set": 1,
            "test_case_name": "5GC001085_B_002_No_gnbIdLengthConfig_configured_-_trigger_ANR",
            "execution_suspended": false
        }
    },
    {
        "model": "tra.testinstance",
        "pk": 13,
        "fields": {
            "test_set": 2,
            "test_case_name": "5GC002175-QB-0002_NGAP_UE_Context_Release_Command_protocol_error",
            "execution_suspended": false
        }
    },
    {
        "model": "tra.testinstance",
        "pk": 14,
        "fields": {
            "test_set": 2,
            "test_case_name": "5GC002175-QB-0001_NGAP_Error_Indication",
            "execution_suspended": false
        }
    },
    {
        "model": "tra.testrun",
        "pk": 1,
        "fields": {
            "rp_id": 64888094,
            "test_instance": 1,
            "testline_type": "CLOUD_5G_I_LO_AP_LO_SANSA_FS_ECPRI_CMWV_TDD",
            "organization": "RAN_L2_SW_KRK_2_SG02",
            "result": "not analyzed",
            "env_issue_type": "iphy padl",
            "fb": "FB2208",
            "fail_message": "Setup failed:\r\nMibSibAcquisitionFailed: MIB-SIB Acquisition failed over 4 retries",
            "comment": "",
            "test_line": "MN Trunk Engine_Wroclaw_UTE5GCLASSICAL1843",
            "test_suite": "testsuite/Krakow/RRM/MN_RAN_L2/5GC001085/5GC001085-B.robot",
            "builds": "SBTS00_ENB_9999_220420_000004",
            "ute_exec_url": "['http://logs.ute.nsn-rdnet.net/cloud/execution/14132689/']",
            "log_file_url": "http://logs.ute.nsn-rdnet.net/cloud/execution/14132689/execution_for_preparation_af186805-f7ad-4a92-b972-bb9ddbcbb8bd/test_results/log.html",
            "log_file_url_ext": "",
            "start_time": "2022-04-20T22:28:02Z",
            "end_time": "2022-04-20T23:54:36Z",
            "analyzed": false,
            "analyzed_by": 1
        }
    },
    {
        "model": "tra.testrun",
        "pk": 2,
        "fields": {
            "rp_id": 64844665,
            "test_instance": 1,
            "testline_type": "CLOUD_5G_I_LO_AP_LO_SANSA_FS_ECPRI_CMWV_TDD",
            "organization": "RAN_L2_SW_KRK_2_SG02",
            "result": "environment issue",
            "env_issue_type": "Other",
            "fb": "FB2208",
            "fail_message": "Setup failed:\r\nMibSibAcquisitionFailed: MIB-SIB Acquisition failed over 4 retries",
            "comment": "",
            "test_line": "MN Trunk Engine_Wroclaw_UTE5GCLASSICAL2383",
            "test_suite": "testsuite/Krakow/RRM/MN_RAN_L2/5GC001085/5GC001085-B-CIT.robot",
            "builds": "SBTS00_ENB_9999_220420_000004",
            "ute_exec_url": "['http://logs.ute.nsn-rdnet.net/cloud/execution/14131460/']",
            "log_file_url": "http://logs.ute.nsn-rdnet.net/cloud/execution/14131460/execution_for_preparation_19c07b17-35ab-4221-807c-efbfd6f79de7/test_results/log.html",
            "log_file_url_ext": "",
            "start_time": "2022-04-20T20:08:53Z",
            "end_time": "2022-04-20T21:34:39Z",
            "analyzed": true,
            "analyzed_by": 1
        }
    },
    {
        "model": "tra.testrun",
        "pk": 3,
        "fields": {
            "rp_id": 64762706,
            "test_instance": 2,
            "testline_type": "CLOUD_5G_I_LO_AP_LO_SANSA_FS_ECPRI_CMWV_TDD",
            "organization": "RAN_L2_SW_KRK_2_SG02",
            "result": "not analyzed",
            "env_issue_type": "",
            "fb": "FB2208",
            "fail_message": "Setup failed:\nMibSibAcquisitionFailed: MIB-SIB Acquisition failed over 4 retries",
            "comment": "",
            "test_line": "MN Trunk Engine_Wroclaw_UTE5GCLASSICAL1802",
            "test_suite": "testsuite/Krakow/RRM/MN_RAN_L2/5GC001085/5GC001085-B.robot",
            "builds": "SBTS00_ENB_9999_220419_000002",
            "ute_exec_url": "['http://logs.ute.nsn-rdnet.net/cloud/execution/14123897/']",
            "log_file_url": "http://logs.ute.nsn-rdnet.net/cloud/execution/14123897/execution_for_preparation_4a2396e2-97bc-4f7f-84dd-0a340a451959/test_results/log.html",
            "log_file_url_ext": null,
            "start_time": "2022-04-20T00:21:28Z",
            "end_time": "2022-04-20T01:47:50Z",
            "analyzed": false,
            "analyzed_by": null
        }
    },
    {
        "model": "tra.testrun",
        "pk": 4,
        "fields": {
            "rp_id": 64454579,
            "test_instance": 3,
            "testline_type": "CLOUD_5G_I_LO_AP_LO_SANSA_FS_ECPRI_CMWV_TDD",
            "organization": "RAN_L2_SW_KRK_2_SG02",
            "result": "not analyzed",
            "env_issue_type": "",
            "fb": "FB2208",
            "fail_message": "Setup failed:\nMibSibAcquisitionFailed: MIB-SIB Acquisition failed over 4 retries",
            "comment": "",
            "test_line": "MN Trunk Engine_Wroclaw_UTE5GCLASSICAL1453",
            "test_suite": "testsuite/Krakow/RRM/MN_RAN_L2/5GC001085/5GC001085-B.robot",
            "builds": "SBTS00_ENB_9999_220416_000010",
            "ute_exec_url": "['http://logs.ute.nsn-rdnet.net/cloud/execution/14102223/']",
            "log_file_url": "http://logs.ute.nsn-rdnet.net/cloud/execution/14102223/execution_for_preparation_786fb8b1-4229-4faf-81c7-e36af9eda8d7/test_results/log.html",
            "log_file_url_ext": null,
            "start_time": "2022-04-17T16:32:52Z",
            "end_time": "2022-04-17T18:00:33Z",
            "analyzed": false,
            "analyzed_by": null
        }
    },
    {
        "model": "tra.testrun",
        "pk": 5,
        "fields": {
            "rp_id": 64373819,
            "test_instance": 4,
            "testline_type": "CLOUD_5G_I_LO_AP_LO_SANSA_FS_ECPRI_CMWV_TDD",
            "organization": "RAN_L2_SW_KRK_2_SG02",
            "result": "not analyzed",
            "env_issue_type": "",
            "fb": "FB2208",
            "fail_message": "Setup failed:\nMibSibAcquisitionFailed: MIB-SIB Acquisition failed over 4 retries",
            "comment": "",
            "test_line": "MN Trunk Engine_Wroclaw_UTE5GCLASSICAL2425",
            "test_suite": "testsuite/Krakow/RRM/MN_RAN_L2/5GC001085/5GC001085-B.robot",
            "builds": "SBTS00_ENB_9999_220415_000003",
            "ute_exec_url": "['http://logs.ute.nsn-rdnet.net/cloud/execution/14078978/']",
            "log_file_url": "http://logs.ute.nsn-rdnet.net/cloud/execution/14078978/execution_for_preparation_a6072adf-fa0f-404e-b563-7055a09826ad/test_results/log.html",
            "log_file_url_ext": null,
            "start_time": "2022-04-16T13:45:18Z",
            "end_time": "2022-04-16T15:12:33Z",
            "analyzed": false,
            "analyzed_by": null
        }
    },
    {
        "model": "tra.testrun",
        "pk": 6,
        "fields": {
            "rp_id": 64373816,
            "test_instance": 5,
            "testline_type": "CLOUD_5G_I_LO_AP_LO_SANSA_FS_ECPRI_CMWV_TDD",
            "organization": "RAN_L2_SW_KRK_2_SG02",
            "result": "not analyzed",
            "env_issue_type": "",
            "fb": "FB2208",
            "fail_message": "ParsingFailed: Cannot find any string to match regexp (with status pciIdentified Received NeighbourStatusUpdateInd) in file (/home/ute/test_results/syslog/syslog_gnb_1085_B_017_127.0.0.1.log)",
            "comment": "",
            "test_line": "MN Trunk Engine_Wroclaw_UTE5GCLASSICAL2425",
            "test_suite": "testsuite/Krakow/RRM/MN_RAN_L2/5GC001085/5GC001085-B.robot",
            "builds": "SBTS00_ENB_9999_220415_000003",
            "ute_exec_url": "['http://logs.ute.nsn-rdnet.net/cloud/execution/14078978/']",
            "log_file_url": "http://logs.ute.nsn-rdnet.net/cloud/execution/14078978/execution_for_preparation_a6072adf-fa0f-404e-b563-7055a09826ad/test_results/log.html",
            "log_file_url_ext": null,
            "start_time": "2022-04-16T13:12:27Z",
            "end_time": "2022-04-16T13:36:05Z",
            "analyzed": false,
            "analyzed_by": null
        }
    },
    {
        "model": "tra.testrun",
        "pk": 7,
        "fields": {
            "rp_id": 64373814,
            "test_instance": 6,
            "testline_type": "CLOUD_5G_I_LO_AP_LO_SANSA_FS_ECPRI_CMWV_TDD",
            "organization": "RAN_L2_SW_KRK_2_SG02",
            "result": "not analyzed",
            "env_issue_type": "",
            "fb": "FB2208",
            "fail_message": "ParsingFailed: Cannot find any string to match regexp (with status pciIdentified Received NeighbourStatusUpdateInd) in file (/home/ute/test_results/syslog/syslog_gnb_1085_B_015_127.0.0.1.log)",
            "comment": "",
            "test_line": "MN Trunk Engine_Wroclaw_UTE5GCLASSICAL2425",
            "test_suite": "testsuite/Krakow/RRM/MN_RAN_L2/5GC001085/5GC001085-B.robot",
            "builds": "SBTS00_ENB_9999_220415_000003",
            "ute_exec_url": "['http://logs.ute.nsn-rdnet.net/cloud/execution/14078978/']",
            "log_file_url": "http://logs.ute.nsn-rdnet.net/cloud/execution/14078978/execution_for_preparation_a6072adf-fa0f-404e-b563-7055a09826ad/test_results/log.html",
            "log_file_url_ext": null,
            "start_time": "2022-04-16T12:31:03Z",
            "end_time": "2022-04-16T13:12:27Z",
            "analyzed": false,
            "analyzed_by": null
        }
    },
    {
        "model": "tra.testrun",
        "pk": 8,
        "fields": {
            "rp_id": 64373813,
            "test_instance": 7,
            "testline_type": "CLOUD_5G_I_LO_AP_LO_SANSA_FS_ECPRI_CMWV_TDD",
            "organization": "RAN_L2_SW_KRK_2_SG02",
            "result": "not analyzed",
            "env_issue_type": "",
            "fb": "FB2208",
            "fail_message": "ParsingFailed: Cannot find any string to match regexp (with status pciIdentified Received NeighbourStatusUpdateInd) in file (/home/ute/test_results/syslog/syslog_gnb_1085_B_014_127.0.0.1.log)",
            "comment": "",
            "test_line": "MN Trunk Engine_Wroclaw_UTE5GCLASSICAL2425",
            "test_suite": "testsuite/Krakow/RRM/MN_RAN_L2/5GC001085/5GC001085-B.robot",
            "builds": "SBTS00_ENB_9999_220415_000003",
            "ute_exec_url": "['http://logs.ute.nsn-rdnet.net/cloud/execution/14078978/']",
            "log_file_url": "http://logs.ute.nsn-rdnet.net/cloud/execution/14078978/execution_for_preparation_a6072adf-fa0f-404e-b563-7055a09826ad/test_results/log.html",
            "log_file_url_ext": null,
            "start_time": "2022-04-16T12:07:57Z",
            "end_time": "2022-04-16T12:31:03Z",
            "analyzed": false,
            "analyzed_by": null
        }
    },
    {
        "model": "tra.testrun",
        "pk": 9,
        "fields": {
            "rp_id": 64373812,
            "test_instance": 8,
            "testline_type": "CLOUD_5G_I_LO_AP_LO_SANSA_FS_ECPRI_CMWV_TDD",
            "organization": "RAN_L2_SW_KRK_2_SG02",
            "result": "not analyzed",
            "env_issue_type": "",
            "fb": "FB2208",
            "fail_message": "ParsingFailed: Cannot find any string to match regexp (with status pciIdentified Received NeighbourStatusUpdateInd) in file (/home/ute/test_results/syslog/syslog_gnb_1085_B_009_127.0.0.1.log)",
            "comment": "",
            "test_line": "MN Trunk Engine_Wroclaw_UTE5GCLASSICAL2425",
            "test_suite": "testsuite/Krakow/RRM/MN_RAN_L2/5GC001085/5GC001085-B.robot",
            "builds": "SBTS00_ENB_9999_220415_000003",
            "ute_exec_url": "['http://logs.ute.nsn-rdnet.net/cloud/execution/14078978/']",
            "log_file_url": "http://logs.ute.nsn-rdnet.net/cloud/execution/14078978/execution_for_preparation_a6072adf-fa0f-404e-b563-7055a09826ad/test_results/log.html",
            "log_file_url_ext": null,
            "start_time": "2022-04-16T11:03:09Z",
            "end_time": "2022-04-16T12:07:57Z",
            "analyzed": false,
            "analyzed_by": null
        }
    },
    {
        "model": "tra.testrun",
        "pk": 10,
        "fields": {
            "rp_id": 64373811,
            "test_instance": 9,
            "testline_type": "CLOUD_5G_I_LO_AP_LO_SANSA_FS_ECPRI_CMWV_TDD",
            "organization": "RAN_L2_SW_KRK_2_SG02",
            "result": "not analyzed",
            "env_issue_type": "",
            "fb": "FB2208",
            "fail_message": "ParsingFailed: Cannot find any string to match regexp (with status pciIdentified Received NeighbourStatusUpdateInd) in file (/home/ute/test_results/syslog/syslog_gnb_1085_B_008_127.0.0.1.log)",
            "comment": "",
            "test_line": "MN Trunk Engine_Wroclaw_UTE5GCLASSICAL2425",
            "test_suite": "testsuite/Krakow/RRM/MN_RAN_L2/5GC001085/5GC001085-B.robot",
            "builds": "SBTS00_ENB_9999_220415_000003",
            "ute_exec_url": "['http://logs.ute.nsn-rdnet.net/cloud/execution/14078978/']",
            "log_file_url": "http://logs.ute.nsn-rdnet.net/cloud/execution/14078978/execution_for_preparation_a6072adf-fa0f-404e-b563-7055a09826ad/test_results/log.html",
            "log_file_url_ext": null,
            "start_time": "2022-04-16T10:40:37Z",
            "end_time": "2022-04-16T11:03:09Z",
            "analyzed": false,
            "analyzed_by": null
        }
    },
    {
        "model": "tra.testrun",
        "pk": 11,
        "fields": {
            "rp_id": 64373809,
            "test_instance": 10,
            "testline_type": "CLOUD_5G_I_LO_AP_LO_SANSA_FS_ECPRI_CMWV_TDD",
            "organization": "RAN_L2_SW_KRK_2_SG02",
            "result": "not analyzed",
            "env_issue_type": "",
            "fb": "FB2208",
            "fail_message": "ParsingFailed: Cannot find any string to match regexp (with status pciIdentified Received NeighbourStatusUpdateInd) in file (/home/ute/test_results/syslog/syslog_gnb_1085_B_007_127.0.0.1.log)",
            "comment": "",
            "test_line": "MN Trunk Engine_Wroclaw_UTE5GCLASSICAL2425",
            "test_suite": "testsuite/Krakow/RRM/MN_RAN_L2/5GC001085/5GC001085-B.robot",
            "builds": "SBTS00_ENB_9999_220415_000003",
            "ute_exec_url": "['http://logs.ute.nsn-rdnet.net/cloud/execution/14078978/']",
            "log_file_url": "http://logs.ute.nsn-rdnet.net/cloud/execution/14078978/execution_for_preparation_a6072adf-fa0f-404e-b563-7055a09826ad/test_results/log.html",
            "log_file_url_ext": null,
            "start_time": "2022-04-16T09:34:34Z",
            "end_time": "2022-04-16T10:40:37Z",
            "analyzed": false,
            "analyzed_by": null
        }
    },
    {
        "model": "tra.testrun",
        "pk": 12,
        "fields": {
            "rp_id": 64373807,
            "test_instance": 11,
            "testline_type": "CLOUD_5G_I_LO_AP_LO_SANSA_FS_ECPRI_CMWV_TDD",
            "organization": "RAN_L2_SW_KRK_2_SG02",
            "result": "not analyzed",
            "env_issue_type": "",
            "fb": "FB2208",
            "fail_message": "ParsingFailed: Cannot find any string to match regexp (with status pciIdentified Received NeighbourStatusUpdateInd) in file (/home/ute/test_results/syslog/syslog_gnb_1085_B_005_127.0.0.1.log)",
            "comment": "",
            "test_line": "MN Trunk Engine_Wroclaw_UTE5GCLASSICAL2425",
            "test_suite": "testsuite/Krakow/RRM/MN_RAN_L2/5GC001085/5GC001085-B.robot",
            "builds": "SBTS00_ENB_9999_220415_000003",
            "ute_exec_url": "['http://logs.ute.nsn-rdnet.net/cloud/execution/14078978/']",
            "log_file_url": "http://logs.ute.nsn-rdnet.net/cloud/execution/14078978/execution_for_preparation_a6072adf-fa0f-404e-b563-7055a09826ad/test_results/log.html",
            "log_file_url_ext": null,
            "start_time": "2022-04-16T09:06:48Z",
            "end_time": "2022-04-16T09:34:34Z",
            "analyzed": false,
            "analyzed_by": null
        }
    },
    {
        "model": "tra.testrun",
        "pk": 13,
        "fields": {
            "rp_id": 64373806,
            "test_instance": 1,
            "testline_type": "CLOUD_5G_I_LO_AP_LO_SANSA_FS_ECPRI_CMWV_TDD",
            "organization": "RAN_L2_SW_KRK_2_SG02",
            "result": "not analyzed",
            "env_issue_type": "",
            "fb": "FB2208",
            "fail_message": "ParsingFailed: Cannot find any string to match regexp (with status pciIdentified Received NeighbourStatusUpdateInd) in file (/home/ute/test_results/syslog/syslog_gnb_1085_B_003_127.0.0.1.log)",
            "comment": "",
            "test_line": "MN Trunk Engine_Wroclaw_UTE5GCLASSICAL2425",
            "test_suite": "testsuite/Krakow/RRM/MN_RAN_L2/5GC001085/5GC001085-B.robot",
            "builds": "SBTS00_ENB_9999_220415_000003",
            "ute_exec_url": "['http://logs.ute.nsn-rdnet.net/cloud/execution/14078978/']",
            "log_file_url": "http://logs.ute.nsn-rdnet.net/cloud/execution/14078978/execution_for_preparation_a6072adf-fa0f-404e-b563-7055a09826ad/test_results/log.html",
            "log_file_url_ext": null,
            "start_time": "2022-04-16T08:19:55Z",
            "end_time": "2022-04-16T09:06:48Z",
            "analyzed": false,
            "analyzed_by": null
        }
    },
    {
        "model": "tra.testrun",
        "pk": 14,
        "fields": {
            "rp_id": 64373804,
            "test_instance": 12,
            "testline_type": "CLOUD_5G_I_LO_AP_LO_SANSA_FS_ECPRI_CMWV_TDD",
            "organization": "RAN_L2_SW_KRK_2_SG02",
            "result": "not analyzed",
            "env_issue_type": "",
            "fb": "FB2208",
            "fail_message": "ParsingFailed: Cannot find any string to match regexp (with status pciIdentified Received NeighbourStatusUpdateInd) in file (/home/ute/test_results/syslog/syslog_gnb_1085_B_002_127.0.0.1.log)",
            "comment": "",
            "test_line": "MN Trunk Engine_Wroclaw_UTE5GCLASSICAL2425",
            "test_suite": "testsuite/Krakow/RRM/MN_RAN_L2/5GC001085/5GC001085-B.robot",
            "builds": "SBTS00_ENB_9999_220415_000003",
            "ute_exec_url": "['http://logs.ute.nsn-rdnet.net/cloud/execution/14078978/']",
            "log_file_url": "http://logs.ute.nsn-rdnet.net/cloud/execution/14078978/execution_for_preparation_a6072adf-fa0f-404e-b563-7055a09826ad/test_results/log.html",
            "log_file_url_ext": null,
            "start_time": "2022-04-16T07:39:44Z",
            "end_time": "2022-04-16T08:19:55Z",
            "analyzed": false,
            "analyzed_by": null
        }
    },
    {
        "model": "tra.testrun",
        "pk": 15,
        "fields": {
            "rp_id": 64225981,
            "test_instance": 1,
            "testline_type": "CLOUD_5G_I_LO_AP_LO_SANSA_FS_ECPRI_CMWV_TDD",
            "organization": "RAN_L2_SW_KRK_2_SG02",
            "result": "not analyzed",
            "env_issue_type": "",
            "fb": "FB2208",
            "fail_message": "ParsingFailed: Cannot find any string to match regexp (with status pciIdentified Received NeighbourStatusUpdateInd) in file (/home/ute/test_results/syslog/syslog_gnb_1085_B_003_127.0.0.1.log)",
            "comment": "",
            "test_line": "MN Trunk Engine_Wroclaw_UTE5GCLASSICAL1745",
            "test_suite": "testsuite/Krakow/RRM/MN_RAN_L2/5GC001085/5GC001085-B-CIT.robot",
            "builds": "SBTS00_ENB_9999_220415_000003",
            "ute_exec_url": "['http://logs.ute.nsn-rdnet.net/cloud/execution/14078785/']",
            "log_file_url": "http://logs.ute.nsn-rdnet.net/cloud/execution/14078785/execution_for_preparation_befe1fdc-fe20-4516-9576-0ecfdbd16d4c/test_results/log.html",
            "log_file_url_ext": null,
            "start_time": "2022-04-15T11:42:23Z",
            "end_time": "2022-04-15T12:10:04Z",
            "analyzed": false,
            "analyzed_by": null
        }
    },
    {
        "model": "tra.testrun",
        "pk": 16,
        "fields": {
            "rp_id": 64156055,
            "test_instance": 7,
            "testline_type": "CLOUD_5G_I_LO_AP_LO_SANSA_FS_ECPRI_CMWV_TDD",
            "organization": "RAN_L2_SW_KRK_2_SG02",
            "result": "not analyzed",
            "env_issue_type": "",
            "fb": "FB2208",
            "fail_message": "ParsingFailed: Cannot find any string to match regexp (with status pciIdentified Received NeighbourStatusUpdateInd) in file (/home/ute/test_results/syslog/syslog_gnb_1085_B_014_127.0.0.1.log)",
            "comment": "",
            "test_line": "5G_Paris-Saclay_UTE5GCLASSTL009",
            "test_suite": "testsuite/Krakow/RRM/MN_RAN_L2/5GC001085/5GC001085-B.robot",
            "builds": "SBTS00_ENB_9999_220414_000005",
            "ute_exec_url": "['http://logs.ute.nsn-rdnet.net/cloud/execution/14077348/']",
            "log_file_url": "http://logs.ute.nsn-rdnet.net/cloud/execution/14077348/execution_for_preparation_c97817e0-9e17-465c-9138-20d7e4188da5/test_results/log.html",
            "log_file_url_ext": null,
            "start_time": "2022-04-14T21:43:45Z",
            "end_time": "2022-04-14T22:24:47Z",
            "analyzed": false,
            "analyzed_by": null
        }
    },
    {
        "model": "tra.testrun",
        "pk": 17,
        "fields": {
            "rp_id": 64132435,
            "test_instance": 1,
            "testline_type": "CLOUD_5G_I_LO_AP_LO_SANSA_FS_ECPRI_CMWV_TDD",
            "organization": "RAN_L2_SW_KRK_2_SG02",
            "result": "not analyzed",
            "env_issue_type": "",
            "fb": "FB2208",
            "fail_message": "ParsingFailed: Cannot find any string to match regexp (with status pciIdentified Received NeighbourStatusUpdateInd) in file (/home/ute/test_results/syslog/syslog_gnb_1085_B_003_127.0.0.1.log)",
            "comment": "",
            "test_line": "MN Trunk Engine_Wroclaw_UTE5GCLASSICAL1726",
            "test_suite": "testsuite/Krakow/RRM/MN_RAN_L2/5GC001085/5GC001085-B-CIT.robot",
            "builds": "SBTS00_ENB_9999_220414_000005",
            "ute_exec_url": "['http://logs.ute.nsn-rdnet.net/cloud/execution/14065906/']",
            "log_file_url": "http://logs.ute.nsn-rdnet.net/cloud/execution/14065906/execution_for_preparation_be87d021-0c41-49d3-ad18-b94980acb924/test_results/log.html",
            "log_file_url_ext": null,
            "start_time": "2022-04-14T18:14:35Z",
            "end_time": "2022-04-14T18:43:07Z",
            "analyzed": false,
            "analyzed_by": null
        }
    },
    {
        "model": "tra.testrun",
        "pk": 18,
        "fields": {
            "rp_id": 63896849,
            "test_instance": 7,
            "testline_type": "CLOUD_5G_I_LO_AP_LO_SANSA_FS_ECPRI_CMWV_TDD",
            "organization": "RAN_L2_SW_KRK_2_SG02",
            "result": "not analyzed",
            "env_issue_type": "",
            "fb": "FB2207",
            "fail_message": "NoRegexpMatch: It was not possible to find string after 15.0 secs to match regexp (Received REGISTRATION COMPLETE from UE with RAN UE NGAP ID) in output\n(\nEGATE> 21:29:43.525 INF: GNB-3: RECVD CELL-3.1 [ACTIVE]:CTRL_AP_GEN_TESTMODE_NR for testMode type=7 profileId=1 delete=0 CQI  PARAMS modeCqi = 1 variationPeriodCqi=0 numOfCqi=1 cqi= 15 cqiMin=0 cqiMax=0 cqiS\ntepSize= 0 overheatingCqiCount= 0 PMI PARAMS modePmi = 1 variationPeriodPmi= 0 numOfPmi= 1 pmi= 0 RI PARAMS modeRi = 1 variationPeriodRi= 0 numOfRi= 1 ri= 0 CRI PARAMS modeCri = 1 variationPeriodCri= \n0 numOfCri= 1 cri= 0 LI PARAMS modeLi = 1 variationPeriodLi= 0 numOfLi= 1 li= 0\nEGATE> 21:29:43.526 INF: GNB-3: RECVD CELL-3.1 [ACTIVE]:CTRL_AP_UE_TESTMODE_SET_NR for users=1 present_pscell_mask=0xffffffff numtestModes=1 testmode_list[testmode,profileId]=[7,1] action=0 numUsers=1 beam_a\nction=0\nEGATE> 21:29:43.573 INF: UEC-1: UE1: Starting SUCI based Registration.\nEGATE> 21:29:43.574 TRC: UEC-1: UE1[NR-RRC]: ->UL-CCCH-NR\nvalue UL-CCCH-Message ::= \n{\n  message c1 : rrcSetupRequest : \n    [ Message content over the limit has been removed. ]\n... L2: <RANDOM ACCESS> [UeId:0,PhyCellId:50][RNTI:0x88]RAR Timer has expired;\n\nEGATE> 21:29:43.815 ACR: UEC-1: L2: <RANDOM ACCESS> [UeId:0,PhyCellId:50][RNTI:0x88]RAR Timer has expired;\n\nEGATE> 21:29:43.875 ACR: UEC-1: L2: <RANDOM ACCESS> [UeId:0,PhyCellId:50][RNTI:0x88]RAR Timer has expired;\n\nEGATE> 21:29:43.935 ACR: UEC-1: L2: <RANDOM ACCESS> [UeId:0,PhyCellId:50][RNTI:0x88]RAR Timer has expired;\n\nEGATE> 21:29:43.974 ACR: UEC-1: UE1: T300 expiration: No response to RRCSetupRequest\n\nEGATE> 21:29:43.995 ACR: UEC-1: L2: <RANDOM ACCESS> [UeId:0,PhyCellId:50][RNTI:0x88]RAR Timer has expired;\n\nEGATE> 21:29:44.039 INF: UEC-1: UE1: detached\n\nEGATE> )",
            "comment": "",
            "test_line": "MN Trunk Engine_Wroclaw_UTE5GCLASSICAL2091",
            "test_suite": "testsuite/Krakow/RRM/MN_RAN_L2/5GC001085/5GC001085-B.robot",
            "builds": "SBTS00_ENB_9999_220412_000005",
            "ute_exec_url": "['http://logs.ute.nsn-rdnet.net/cloud/execution/14041919/']",
            "log_file_url": "http://logs.ute.nsn-rdnet.net/cloud/execution/14041919/execution_for_preparation_986de093-99a3-48ba-b295-6d8b085eb2e3/test_results/log.html",
            "log_file_url_ext": null,
            "start_time": "2022-04-12T20:46:01Z",
            "end_time": "2022-04-12T21:43:55Z",
            "analyzed": false,
            "analyzed_by": null
        }
    },
    {
        "model": "tra.testrun",
        "pk": 19,
        "fields": {
            "rp_id": 63202624,
            "test_instance": 6,
            "testline_type": "CLOUD_5G_I_LO_AP_LO_SANSA_FS_ECPRI_CMWV_TDD",
            "organization": "RAN_L2_SW_KRK_2_SG02",
            "result": "not analyzed",
            "env_issue_type": "",
            "fb": "FB2207",
            "fail_message": "NoRegexpMatch: It was not possible to find string after 10 secs to match regexp (UE1: Inter-eNB handover from EXT_ENB-2.1 to ENB-3.1 performed) in output\n(\nEGATE> 01:48:56.579 TRC: UEC-1: UE1[NR-RRC]: <-UL-DCCH-NR\nvalue UL-DCCH-Message ::= \n{\n  message c1 : measurementReport : \n  {\n    criticalExtensions measurementReport : \n    {\n      measResults \n      {\n        measId 1,\n        measResultServingMOList \n        {\n          {\n            servCellId 0,\n            measResultServingCell \n            {\n              physCellId 50,\n    [ Message content over the limit has been removed. ]\n\n              }\n\n            }\n\n          }\n\n        }\n\n      }\n\n    }\n\n  }\n\n}\n\n\n\nEGATE> )",
            "comment": "",
            "test_line": "MN Trunk Engine_Wroclaw_UTE5GCLASSICAL2113",
            "test_suite": "testsuite/Krakow/RRM/MN_RAN_L2/5GC001085/5GC001085-B.robot",
            "builds": "SBTS00_ENB_9999_220405_000005",
            "ute_exec_url": "['http://logs.ute.nsn-rdnet.net/cloud/execution/13978381/']",
            "log_file_url": "http://logs.ute.nsn-rdnet.net/cloud/execution/13978381/execution_for_preparation_51a7dd16-7dda-4289-b970-dd08bd242f89/test_results/log.html",
            "log_file_url_ext": null,
            "start_time": "2022-04-06T01:05:08Z",
            "end_time": "2022-04-06T02:02:41Z",
            "analyzed": false,
            "analyzed_by": null
        }
    },
    {
        "model": "tra.testrun",
        "pk": 20,
        "fields": {
            "rp_id": 62683701,
            "test_instance": 4,
            "testline_type": "CLOUD_5G_I_LO_AP_LO_SANSA_FS_ECPRI_CMWV_TDD",
            "organization": "RAN_L2_SW_KRK_2_SG02",
            "result": "not analyzed",
            "env_issue_type": "",
            "fb": "FB2207",
            "fail_message": "NoRegexpMatch: It was not possible to find string after 10 secs to match regexp (UE1: Inter-eNB handover from EXT_ENB-2.1 to ENB-3.1 performed) in output\n(\nEGATE> 23:35:30.307 TRC: UEC-1: UE1[NR-RRC]: <-UL-DCCH-NR\nvalue UL-DCCH-Message ::= \n{\n  message c1 : measurementReport : \n  {\n    criticalExtensions measurementReport : \n    {\n      measResults \n      {\n        measId 1,\n        measResultServingMOList \n        {\n          {\n            servCellId 0,\n            measResultServingCell \n            {\n              physCellId 50,\n    [ Message content over the limit has been removed. ]\n\n              }\n\n            }\n\n          }\n\n        }\n\n      }\n\n    }\n\n  }\n\n}\n\n\n\nEGATE> )",
            "comment": "",
            "test_line": "MN Trunk Engine_Wroclaw_UTE5GCLASSICAL1741",
            "test_suite": "testsuite/Krakow/RRM/MN_RAN_L2/5GC001085/5GC001085-B.robot",
            "builds": "SBTS00_ENB_9999_220401_000004",
            "ute_exec_url": "['http://logs.ute.nsn-rdnet.net/cloud/execution/13934569/']",
            "log_file_url": "http://logs.ute.nsn-rdnet.net/cloud/execution/13934569/execution_for_preparation_fa705d5b-af4f-47aa-9d49-346745290b6a/test_results/log.html",
            "log_file_url_ext": null,
            "start_time": "2022-04-01T23:09:14Z",
            "end_time": "2022-04-01T23:49:11Z",
            "analyzed": false,
            "analyzed_by": null
        }
    },
    {
        "model": "tra.testrun",
        "pk": 21,
        "fields": {
            "rp_id": 62218164,
            "test_instance": 5,
            "testline_type": "CLOUD_5G_I_LO_AP_LO_SANSA_FS_ECPRI_CMWV_TDD",
            "organization": "RAN_L2_SW_KRK_2_SG02",
            "result": "not analyzed",
            "env_issue_type": "",
            "fb": "FB2206",
            "fail_message": "NoRegexpMatch: It was not possible to find string after 15.0 secs to match regexp (Received REGISTRATION COMPLETE from UE with RAN UE NGAP ID) in output\n(\nEGATE> 07:44:48.191 INF: GNB-3: RECVD CELL-3.1 [ACTIVE]:CTRL_AP_GEN_TESTMODE_NR for testMode type=7 profileId=1 delete=0 CQI  PARAMS modeCqi = 1 variationPeriodCqi=0 numOfCqi=1 cqi= 15 cqiMin=0 cqiMax=0 cqiS\ntepSize= 0 overheatingCqiCount= 0 PMI PARAMS modePmi = 1 variationPeriodPmi= 0 numOfPmi= 1 pmi= 0 RI PARAMS modeRi = 1 variationPeriodRi= 0 numOfRi= 1 ri= 0 CRI PARAMS modeCri = 1 variationPeriodCri= \n0 numOfCri= 1 cri= 0 LI PARAMS modeLi = 1 variationPeriodLi= 0 numOfLi= 1 li= 0\nEGATE> 07:44:48.191 INF: GNB-3: RECVD CELL-3.1 [ACTIVE]:CTRL_AP_UE_TESTMODE_SET_NR for users=1 present_pscell_mask=0xffffffff numtestModes=1 testmode_list[testmode,profileId]=[7,1] action=0 numUsers=1 beam_a\nction=0\nEGATE> 07:44:48.258 INF: UEC-1: UE1: Starting SUCI based Registration.\nEGATE> 07:44:48.259 TRC: UEC-1: UE1[NR-RRC]: ->UL-CCCH-NR\nvalue UL-CCCH-Message ::= \n{\n  message c1 : rrcSetupRequest : \n    [ Message content over the limit has been removed. ]\n\n    criticalExtensions rrcSetupComplete : \n\n    {\n\n      selectedPLMN-Identity 1,\n\n      dedicatedNAS-Message '7E004171000D0113918400000000206154 ...'H\n\n    }\n\n  }\n\n}\n\n\n\nEGATE> 07:44:48.313 INF: UEC-1: UE1: RrcState: NR CONNECTED\n\nEGATE> )",
            "comment": "",
            "test_line": "MN Trunk Engine_Wroclaw_UTE5GCLASSICAL1744",
            "test_suite": "testsuite/Krakow/RRM/MN_RAN_L2/5GC001085/5GC001085-B.robot",
            "builds": "SBTS00_ENB_9999_220328_000004",
            "ute_exec_url": "['http://logs.ute.nsn-rdnet.net/cloud/execution/13895211/']",
            "log_file_url": "http://logs.ute.nsn-rdnet.net/cloud/execution/13895211/execution_for_preparation_7dd36446-285b-4e0d-b7f3-3555ee9ffd5c/test_results/log.html",
            "log_file_url_ext": null,
            "start_time": "2022-03-29T07:18:09Z",
            "end_time": "2022-03-29T07:57:41Z",
            "analyzed": false,
            "analyzed_by": null
        }
    },
    {
        "model": "tra.testrun",
        "pk": 22,
        "fields": {
            "rp_id": 61728757,
            "test_instance": 4,
            "testline_type": "CLOUD_5G_I_LO_AP_LO_SANSA_FS_ECPRI_CMWV_TDD",
            "organization": "RAN_L2_SW_KRK_2_SG02",
            "result": "not analyzed",
            "env_issue_type": "",
            "fb": "FB2206",
            "fail_message": "Parent suite setup failed:\nAttributeError: type object 'SwConfigModifier' has no attribute 'get_capability_unit_name'",
            "comment": "",
            "test_line": "MN Trunk Engine_Wroclaw_UTE5GCLASSICAL1464",
            "test_suite": "testsuite/Krakow/RRM/MN_RAN_L2/5GC001085/5GC001085-B.robot",
            "builds": "SBTS00_ENB_9999_220324_000008",
            "ute_exec_url": "['http://logs.ute.nsn-rdnet.net/cloud/execution/13848656/']",
            "log_file_url": "http://logs.ute.nsn-rdnet.net/cloud/execution/13848656/execution_for_preparation_6f42f71e-dcc7-463a-b7e9-52c4b878fe17/test_results/log.html",
            "log_file_url_ext": null,
            "start_time": "2022-03-24T23:17:03Z",
            "end_time": "2022-03-24T23:17:03Z",
            "analyzed": false,
            "analyzed_by": null
        }
    },
    {
        "model": "tra.testrun",
        "pk": 23,
        "fields": {
            "rp_id": 61728756,
            "test_instance": 3,
            "testline_type": "CLOUD_5G_I_LO_AP_LO_SANSA_FS_ECPRI_CMWV_TDD",
            "organization": "RAN_L2_SW_KRK_2_SG02",
            "result": "not analyzed",
            "env_issue_type": "",
            "fb": "FB2206",
            "fail_message": "Parent suite setup failed:\nAttributeError: type object 'SwConfigModifier' has no attribute 'get_capability_unit_name'",
            "comment": "",
            "test_line": "MN Trunk Engine_Wroclaw_UTE5GCLASSICAL1464",
            "test_suite": "testsuite/Krakow/RRM/MN_RAN_L2/5GC001085/5GC001085-B.robot",
            "builds": "SBTS00_ENB_9999_220324_000008",
            "ute_exec_url": "['http://logs.ute.nsn-rdnet.net/cloud/execution/13848656/']",
            "log_file_url": "http://logs.ute.nsn-rdnet.net/cloud/execution/13848656/execution_for_preparation_6f42f71e-dcc7-463a-b7e9-52c4b878fe17/test_results/log.html",
            "log_file_url_ext": null,
            "start_time": "2022-03-24T23:17:03Z",
            "end_time": "2022-03-24T23:17:03Z",
            "analyzed": false,
            "analyzed_by": null
        }
    },
    {
        "model": "tra.testrun",
        "pk": 24,
        "fields": {
            "rp_id": 61728754,
            "test_instance": 5,
            "testline_type": "CLOUD_5G_I_LO_AP_LO_SANSA_FS_ECPRI_CMWV_TDD",
            "organization": "RAN_L2_SW_KRK_2_SG02",
            "result": "not analyzed",
            "env_issue_type": "",
            "fb": "FB2206",
            "fail_message": "Parent suite setup failed:\nAttributeError: type object 'SwConfigModifier' has no attribute 'get_capability_unit_name'",
            "comment": "",
            "test_line": "MN Trunk Engine_Wroclaw_UTE5GCLASSICAL1464",
            "test_suite": "testsuite/Krakow/RRM/MN_RAN_L2/5GC001085/5GC001085-B.robot",
            "builds": "SBTS00_ENB_9999_220324_000008",
            "ute_exec_url": "['http://logs.ute.nsn-rdnet.net/cloud/execution/13848656/']",
            "log_file_url": "http://logs.ute.nsn-rdnet.net/cloud/execution/13848656/execution_for_preparation_6f42f71e-dcc7-463a-b7e9-52c4b878fe17/test_results/log.html",
            "log_file_url_ext": null,
            "start_time": "2022-03-24T23:17:03Z",
            "end_time": "2022-03-24T23:17:03Z",
            "analyzed": false,
            "analyzed_by": null
        }
    },
    {
        "model": "tra.testrun",
        "pk": 25,
        "fields": {
            "rp_id": 61728753,
            "test_instance": 6,
            "testline_type": "CLOUD_5G_I_LO_AP_LO_SANSA_FS_ECPRI_CMWV_TDD",
            "organization": "RAN_L2_SW_KRK_2_SG02",
            "result": "not analyzed",
            "env_issue_type": "",
            "fb": "FB2206",
            "fail_message": "Parent suite setup failed:\nAttributeError: type object 'SwConfigModifier' has no attribute 'get_capability_unit_name'",
            "comment": "",
            "test_line": "MN Trunk Engine_Wroclaw_UTE5GCLASSICAL1464",
            "test_suite": "testsuite/Krakow/RRM/MN_RAN_L2/5GC001085/5GC001085-B.robot",
            "builds": "SBTS00_ENB_9999_220324_000008",
            "ute_exec_url": "['http://logs.ute.nsn-rdnet.net/cloud/execution/13848656/']",
            "log_file_url": "http://logs.ute.nsn-rdnet.net/cloud/execution/13848656/execution_for_preparation_6f42f71e-dcc7-463a-b7e9-52c4b878fe17/test_results/log.html",
            "log_file_url_ext": null,
            "start_time": "2022-03-24T23:17:03Z",
            "end_time": "2022-03-24T23:17:03Z",
            "analyzed": false,
            "analyzed_by": null
        }
    },
    {
        "model": "tra.testrun",
        "pk": 26,
        "fields": {
            "rp_id": 61728752,
            "test_instance": 7,
            "testline_type": "CLOUD_5G_I_LO_AP_LO_SANSA_FS_ECPRI_CMWV_TDD",
            "organization": "RAN_L2_SW_KRK_2_SG02",
            "result": "not analyzed",
            "env_issue_type": "",
            "fb": "FB2206",
            "fail_message": "Parent suite setup failed:\nAttributeError: type object 'SwConfigModifier' has no attribute 'get_capability_unit_name'",
            "comment": "",
            "test_line": "MN Trunk Engine_Wroclaw_UTE5GCLASSICAL1464",
            "test_suite": "testsuite/Krakow/RRM/MN_RAN_L2/5GC001085/5GC001085-B.robot",
            "builds": "SBTS00_ENB_9999_220324_000008",
            "ute_exec_url": "['http://logs.ute.nsn-rdnet.net/cloud/execution/13848656/']",
            "log_file_url": "http://logs.ute.nsn-rdnet.net/cloud/execution/13848656/execution_for_preparation_6f42f71e-dcc7-463a-b7e9-52c4b878fe17/test_results/log.html",
            "log_file_url_ext": null,
            "start_time": "2022-03-24T23:17:03Z",
            "end_time": "2022-03-24T23:17:03Z",
            "analyzed": false,
            "analyzed_by": null
        }
    },
    {
        "model": "tra.testrun",
        "pk": 27,
        "fields": {
            "rp_id": 61728750,
            "test_instance": 8,
            "testline_type": "CLOUD_5G_I_LO_AP_LO_SANSA_FS_ECPRI_CMWV_TDD",
            "organization": "RAN_L2_SW_KRK_2_SG02",
            "result": "not analyzed",
            "env_issue_type": "",
            "fb": "FB2206",
            "fail_message": "Parent suite setup failed:\nAttributeError: type object 'SwConfigModifier' has no attribute 'get_capability_unit_name'",
            "comment": "",
            "test_line": "MN Trunk Engine_Wroclaw_UTE5GCLASSICAL1464",
            "test_suite": "testsuite/Krakow/RRM/MN_RAN_L2/5GC001085/5GC001085-B.robot",
            "builds": "SBTS00_ENB_9999_220324_000008",
            "ute_exec_url": "['http://logs.ute.nsn-rdnet.net/cloud/execution/13848656/']",
            "log_file_url": "http://logs.ute.nsn-rdnet.net/cloud/execution/13848656/execution_for_preparation_6f42f71e-dcc7-463a-b7e9-52c4b878fe17/test_results/log.html",
            "log_file_url_ext": null,
            "start_time": "2022-03-24T23:17:03Z",
            "end_time": "2022-03-24T23:17:03Z",
            "analyzed": false,
            "analyzed_by": null
        }
    },
    {
        "model": "tra.testrun",
        "pk": 28,
        "fields": {
            "rp_id": 61728749,
            "test_instance": 9,
            "testline_type": "CLOUD_5G_I_LO_AP_LO_SANSA_FS_ECPRI_CMWV_TDD",
            "organization": "RAN_L2_SW_KRK_2_SG02",
            "result": "not analyzed",
            "env_issue_type": "",
            "fb": "FB2206",
            "fail_message": "Parent suite setup failed:\nAttributeError: type object 'SwConfigModifier' has no attribute 'get_capability_unit_name'",
            "comment": "",
            "test_line": "MN Trunk Engine_Wroclaw_UTE5GCLASSICAL1464",
            "test_suite": "testsuite/Krakow/RRM/MN_RAN_L2/5GC001085/5GC001085-B.robot",
            "builds": "SBTS00_ENB_9999_220324_000008",
            "ute_exec_url": "['http://logs.ute.nsn-rdnet.net/cloud/execution/13848656/']",
            "log_file_url": "http://logs.ute.nsn-rdnet.net/cloud/execution/13848656/execution_for_preparation_6f42f71e-dcc7-463a-b7e9-52c4b878fe17/test_results/log.html",
            "log_file_url_ext": null,
            "start_time": "2022-03-24T23:17:03Z",
            "end_time": "2022-03-24T23:17:03Z",
            "analyzed": false,
            "analyzed_by": null
        }
    },
    {
        "model": "tra.testrun",
        "pk": 29,
        "fields": {
            "rp_id": 61728748,
            "test_instance": 10,
            "testline_type": "CLOUD_5G_I_LO_AP_LO_SANSA_FS_ECPRI_CMWV_TDD",
            "organization": "RAN_L2_SW_KRK_2_SG02",
            "result": "not analyzed",
            "env_issue_type": "",
            "fb": "FB2206",
            "fail_message": "Parent suite setup failed:\nAttributeError: type object 'SwConfigModifier' has no attribute 'get_capability_unit_name'",
            "comment": "",
            "test_line": "MN Trunk Engine_Wroclaw_UTE5GCLASSICAL1464",
            "test_suite": "testsuite/Krakow/RRM/MN_RAN_L2/5GC001085/5GC001085-B.robot",
            "builds": "SBTS00_ENB_9999_220324_000008",
            "ute_exec_url": "['http://logs.ute.nsn-rdnet.net/cloud/execution/13848656/']",
            "log_file_url": "http://logs.ute.nsn-rdnet.net/cloud/execution/13848656/execution_for_preparation_6f42f71e-dcc7-463a-b7e9-52c4b878fe17/test_results/log.html",
            "log_file_url_ext": null,
            "start_time": "2022-03-24T23:17:03Z",
            "end_time": "2022-03-24T23:17:03Z",
            "analyzed": false,
            "analyzed_by": null
        }
    },
    {
        "model": "tra.testrun",
        "pk": 30,
        "fields": {
            "rp_id": 61728746,
            "test_instance": 11,
            "testline_type": "CLOUD_5G_I_LO_AP_LO_SANSA_FS_ECPRI_CMWV_TDD",
            "organization": "RAN_L2_SW_KRK_2_SG02",
            "result": "not analyzed",
            "env_issue_type": "",
            "fb": "FB2206",
            "fail_message": "Parent suite setup failed:\nAttributeError: type object 'SwConfigModifier' has no attribute 'get_capability_unit_name'",
            "comment": "",
            "test_line": "MN Trunk Engine_Wroclaw_UTE5GCLASSICAL1464",
            "test_suite": "testsuite/Krakow/RRM/MN_RAN_L2/5GC001085/5GC001085-B.robot",
            "builds": "SBTS00_ENB_9999_220324_000008",
            "ute_exec_url": "['http://logs.ute.nsn-rdnet.net/cloud/execution/13848656/']",
            "log_file_url": "http://logs.ute.nsn-rdnet.net/cloud/execution/13848656/execution_for_preparation_6f42f71e-dcc7-463a-b7e9-52c4b878fe17/test_results/log.html",
            "log_file_url_ext": null,
            "start_time": "2022-03-24T23:17:03Z",
            "end_time": "2022-03-24T23:17:03Z",
            "analyzed": false,
            "analyzed_by": null
        }
    },
    {
        "model": "tra.testrun",
        "pk": 31,
        "fields": {
            "rp_id": 61728745,
            "test_instance": 1,
            "testline_type": "CLOUD_5G_I_LO_AP_LO_SANSA_FS_ECPRI_CMWV_TDD",
            "organization": "RAN_L2_SW_KRK_2_SG02",
            "result": "not analyzed",
            "env_issue_type": "",
            "fb": "FB2206",
            "fail_message": "Parent suite setup failed:\nAttributeError: type object 'SwConfigModifier' has no attribute 'get_capability_unit_name'",
            "comment": "",
            "test_line": "MN Trunk Engine_Wroclaw_UTE5GCLASSICAL1464",
            "test_suite": "testsuite/Krakow/RRM/MN_RAN_L2/5GC001085/5GC001085-B.robot",
            "builds": "SBTS00_ENB_9999_220324_000008",
            "ute_exec_url": "['http://logs.ute.nsn-rdnet.net/cloud/execution/13848656/']",
            "log_file_url": "http://logs.ute.nsn-rdnet.net/cloud/execution/13848656/execution_for_preparation_6f42f71e-dcc7-463a-b7e9-52c4b878fe17/test_results/log.html",
            "log_file_url_ext": null,
            "start_time": "2022-03-24T23:17:03Z",
            "end_time": "2022-03-24T23:17:03Z",
            "analyzed": false,
            "analyzed_by": null
        }
    },
    {
        "model": "tra.testrun",
        "pk": 32,
        "fields": {
            "rp_id": 61728743,
            "test_instance": 12,
            "testline_type": "CLOUD_5G_I_LO_AP_LO_SANSA_FS_ECPRI_CMWV_TDD",
            "organization": "RAN_L2_SW_KRK_2_SG02",
            "result": "not analyzed",
            "env_issue_type": "",
            "fb": "FB2206",
            "fail_message": "Parent suite setup failed:\nAttributeError: type object 'SwConfigModifier' has no attribute 'get_capability_unit_name'",
            "comment": "",
            "test_line": "MN Trunk Engine_Wroclaw_UTE5GCLASSICAL1464",
            "test_suite": "testsuite/Krakow/RRM/MN_RAN_L2/5GC001085/5GC001085-B.robot",
            "builds": "SBTS00_ENB_9999_220324_000008",
            "ute_exec_url": "['http://logs.ute.nsn-rdnet.net/cloud/execution/13848656/']",
            "log_file_url": "http://logs.ute.nsn-rdnet.net/cloud/execution/13848656/execution_for_preparation_6f42f71e-dcc7-463a-b7e9-52c4b878fe17/test_results/log.html",
            "log_file_url_ext": null,
            "start_time": "2022-03-24T23:17:03Z",
            "end_time": "2022-03-24T23:17:03Z",
            "analyzed": false,
            "analyzed_by": null
        }
    },
    {
        "model": "tra.testrun",
        "pk": 33,
        "fields": {
            "rp_id": 61728740,
            "test_instance": 2,
            "testline_type": "CLOUD_5G_I_LO_AP_LO_SANSA_FS_ECPRI_CMWV_TDD",
            "organization": "RAN_L2_SW_KRK_2_SG02",
            "result": "not analyzed",
            "env_issue_type": "",
            "fb": "FB2206",
            "fail_message": "Parent suite setup failed:\nAttributeError: type object 'SwConfigModifier' has no attribute 'get_capability_unit_name'",
            "comment": "",
            "test_line": "MN Trunk Engine_Wroclaw_UTE5GCLASSICAL1464",
            "test_suite": "testsuite/Krakow/RRM/MN_RAN_L2/5GC001085/5GC001085-B.robot",
            "builds": "SBTS00_ENB_9999_220324_000008",
            "ute_exec_url": "['http://logs.ute.nsn-rdnet.net/cloud/execution/13848656/']",
            "log_file_url": "http://logs.ute.nsn-rdnet.net/cloud/execution/13848656/execution_for_preparation_6f42f71e-dcc7-463a-b7e9-52c4b878fe17/test_results/log.html",
            "log_file_url_ext": null,
            "start_time": "2022-03-24T23:17:03Z",
            "end_time": "2022-03-24T23:17:03Z",
            "analyzed": false,
            "analyzed_by": null
        }
    },
    {
        "model": "tra.testrun",
        "pk": 34,
        "fields": {
            "rp_id": 61688811,
            "test_instance": 1,
            "testline_type": "CLOUD_5G_I_LO_AP_LO_SANSA_FS_ECPRI_CMWV_TDD",
            "organization": "RAN_L2_SW_KRK_2_SG02",
            "result": "not analyzed",
            "env_issue_type": "",
            "fb": "FB2206",
            "fail_message": "Parent suite setup failed:\nAttributeError: type object 'SwConfigModifier' has no attribute 'get_capability_unit_name'",
            "comment": "",
            "test_line": "MN Trunk Engine_Wroclaw_UTE5GCLASSICAL1831",
            "test_suite": "testsuite/Krakow/RRM/MN_RAN_L2/5GC001085/5GC001085-B-CIT.robot",
            "builds": "SBTS00_ENB_9999_220324_000008",
            "ute_exec_url": "['http://logs.ute.nsn-rdnet.net/cloud/execution/13847133/']",
            "log_file_url": "http://logs.ute.nsn-rdnet.net/cloud/execution/13847133/execution_for_preparation_12d7296d-9757-4f01-9c9c-e6f66ba4f6fe/test_results/log.html",
            "log_file_url_ext": null,
            "start_time": "2022-03-24T15:46:36Z",
            "end_time": "2022-03-24T15:46:36Z",
            "analyzed": false,
            "analyzed_by": null
        }
    },
    {
        "model": "tra.testrun",
        "pk": 35,
        "fields": {
            "rp_id": 61284757,
            "test_instance": 12,
            "testline_type": "CLOUD_5G_I_LO_AP_LO_SANSA_FS_ECPRI_CMWV_TDD",
            "organization": "RAN_L2_SW_KRK_2_SG02",
            "result": "not analyzed",
            "env_issue_type": "",
            "fb": "FB2206",
            "fail_message": "NoRegexpMatch: It was not possible to find string after 15.0 secs to match regexp (Received REGISTRATION COMPLETE from UE with RAN UE NGAP ID) in output\n(\nEGATE> 21:13:57.439 INF: GNB-3: RECVD CELL-3.1 [ACTIVE]:CTRL_AP_GEN_TESTMODE_NR for testMode type=7 profileId=1 delete=0 CQI  PARAMS modeCqi = 1 variationPeriodCqi=0 numOfCqi=1 cqi= 15 cqiMin=0 cqiMax=0 cqiS\ntepSize= 0 overheatingCqiCount= 0 PMI PARAMS modePmi = 1 variationPeriodPmi= 0 numOfPmi= 1 pmi= 0 RI PARAMS modeRi = 1 variationPeriodRi= 0 numOfRi= 1 ri= 0 CRI PARAMS modeCri = 1 variationPeriodCri= \n0 numOfCri= 1 cri= 0 LI PARAMS modeLi = 1 variationPeriodLi= 0 numOfLi= 1 li= 0\nEGATE> 21:13:57.439 INF: GNB-3: RECVD CELL-3.1 [ACTIVE]:CTRL_AP_UE_TESTMODE_SET_NR for users=1 present_pscell_mask=0xffffffff numtestModes=1 testmode_list[testmode,profileId]=[7,1] action=0 numUsers=1 beam_a\nction=0\nEGATE> 21:13:57.498 INF: UEC-1: UE1: Starting SUCI based Registration.\nEGATE> 21:13:57.500 TRC: UEC-1: UE1[NR-RRC]: ->UL-CCCH-NR\nvalue UL-CCCH-Message ::= \n{\n  message c1 : rrcSetupRequest : \n    [ Message content over the limit has been removed. ]\n    rrcSetupRequest \n    {\n      ue-Identity randomValue : '01010101 01000101 00000000 00000001 010 ...'B,\n      establishmentCause mo-Signalling,\n      spare '0'B\n    }\n\n  }\n\n}\n\n\n\nEGATE> 21:13:57.900 ACR: UEC-1: UE1: T300 expiration: No response to RRCSetupRequest\n\nEGATE> 21:13:58.453 INF: UEC-1: UE1: detached\n\nEGATE> )",
            "comment": "",
            "test_line": "MN Trunk Engine_Wroclaw_UTE5GCLASSICAL2421",
            "test_suite": "testsuite/Krakow/RRM/MN_RAN_L2/5GC001085/5GC001085-B.robot",
            "builds": "SBTS00_ENB_9999_220319_000014",
            "ute_exec_url": "['http://logs.ute.nsn-rdnet.net/cloud/execution/13797656/']",
            "log_file_url": "http://logs.ute.nsn-rdnet.net/cloud/execution/13797656/execution_for_preparation_d28cc4b0-9eb4-4007-b1cf-ac29d47592b9/test_results/log.html",
            "log_file_url_ext": null,
            "start_time": "2022-03-20T20:48:21Z",
            "end_time": "2022-03-20T21:27:56Z",
            "analyzed": false,
            "analyzed_by": null
        }
    },
    {
        "model": "tra.testrun",
        "pk": 36,
        "fields": {
            "rp_id": 60989267,
            "test_instance": 4,
            "testline_type": "CLOUD_5G_I_LO_AP_LO_SANSA_FS_ECPRI_CMWV_TDD",
            "organization": "RAN_L2_SW_KRK_2_SG02",
            "result": "not analyzed",
            "env_issue_type": "",
            "fb": "FB2206",
            "fail_message": "Setup failed:\nAttributeError: 'NoneType' object has no attribute 'group'",
            "comment": "",
            "test_line": "MN Trunk Engine_Wroclaw_UTE5GCLASSICAL1493",
            "test_suite": "testsuite/Krakow/RRM/MN_RAN_L2/5GC001085/5GC001085-B.robot",
            "builds": "SBTS00_ENB_9999_220317_000004",
            "ute_exec_url": "['http://logs.ute.nsn-rdnet.net/cloud/execution/13762383/']",
            "log_file_url": "http://logs.ute.nsn-rdnet.net/cloud/execution/13762383/execution_for_preparation_89cb2b48-7546-4008-a2c7-377aa17a4a2f/test_results/log.html",
            "log_file_url_ext": null,
            "start_time": "2022-03-18T06:37:45Z",
            "end_time": "2022-03-18T07:00:21Z",
            "analyzed": false,
            "analyzed_by": null
        }
    },
    {
        "model": "tra.testrun",
        "pk": 37,
        "fields": {
            "rp_id": 60989265,
            "test_instance": 3,
            "testline_type": "CLOUD_5G_I_LO_AP_LO_SANSA_FS_ECPRI_CMWV_TDD",
            "organization": "RAN_L2_SW_KRK_2_SG02",
            "result": "not analyzed",
            "env_issue_type": "",
            "fb": "FB2206",
            "fail_message": "Setup failed:\nAttributeError: 'NoneType' object has no attribute 'group'",
            "comment": "",
            "test_line": "MN Trunk Engine_Wroclaw_UTE5GCLASSICAL1493",
            "test_suite": "testsuite/Krakow/RRM/MN_RAN_L2/5GC001085/5GC001085-B.robot",
            "builds": "SBTS00_ENB_9999_220317_000004",
            "ute_exec_url": "['http://logs.ute.nsn-rdnet.net/cloud/execution/13762383/']",
            "log_file_url": "http://logs.ute.nsn-rdnet.net/cloud/execution/13762383/execution_for_preparation_89cb2b48-7546-4008-a2c7-377aa17a4a2f/test_results/log.html",
            "log_file_url_ext": null,
            "start_time": "2022-03-18T06:17:14Z",
            "end_time": "2022-03-18T06:37:45Z",
            "analyzed": false,
            "analyzed_by": null
        }
    },
    {
        "model": "tra.testrun",
        "pk": 38,
        "fields": {
            "rp_id": 60989264,
            "test_instance": 5,
            "testline_type": "CLOUD_5G_I_LO_AP_LO_SANSA_FS_ECPRI_CMWV_TDD",
            "organization": "RAN_L2_SW_KRK_2_SG02",
            "result": "not analyzed",
            "env_issue_type": "",
            "fb": "FB2206",
            "fail_message": "Setup failed:\nAttributeError: 'NoneType' object has no attribute 'group'",
            "comment": "",
            "test_line": "MN Trunk Engine_Wroclaw_UTE5GCLASSICAL1493",
            "test_suite": "testsuite/Krakow/RRM/MN_RAN_L2/5GC001085/5GC001085-B.robot",
            "builds": "SBTS00_ENB_9999_220317_000004",
            "ute_exec_url": "['http://logs.ute.nsn-rdnet.net/cloud/execution/13762383/']",
            "log_file_url": "http://logs.ute.nsn-rdnet.net/cloud/execution/13762383/execution_for_preparation_89cb2b48-7546-4008-a2c7-377aa17a4a2f/test_results/log.html",
            "log_file_url_ext": null,
            "start_time": "2022-03-18T05:53:21Z",
            "end_time": "2022-03-18T06:17:14Z",
            "analyzed": false,
            "analyzed_by": null
        }
    },
    {
        "model": "tra.testrun",
        "pk": 39,
        "fields": {
            "rp_id": 60989262,
            "test_instance": 6,
            "testline_type": "CLOUD_5G_I_LO_AP_LO_SANSA_FS_ECPRI_CMWV_TDD",
            "organization": "RAN_L2_SW_KRK_2_SG02",
            "result": "not analyzed",
            "env_issue_type": "",
            "fb": "FB2206",
            "fail_message": "Setup failed:\nAttributeError: 'NoneType' object has no attribute 'group'",
            "comment": "",
            "test_line": "MN Trunk Engine_Wroclaw_UTE5GCLASSICAL1493",
            "test_suite": "testsuite/Krakow/RRM/MN_RAN_L2/5GC001085/5GC001085-B.robot",
            "builds": "SBTS00_ENB_9999_220317_000004",
            "ute_exec_url": "['http://logs.ute.nsn-rdnet.net/cloud/execution/13762383/']",
            "log_file_url": "http://logs.ute.nsn-rdnet.net/cloud/execution/13762383/execution_for_preparation_89cb2b48-7546-4008-a2c7-377aa17a4a2f/test_results/log.html",
            "log_file_url_ext": null,
            "start_time": "2022-03-18T05:31:28Z",
            "end_time": "2022-03-18T05:53:21Z",
            "analyzed": false,
            "analyzed_by": null
        }
    },
    {
        "model": "tra.testrun",
        "pk": 40,
        "fields": {
            "rp_id": 60989261,
            "test_instance": 7,
            "testline_type": "CLOUD_5G_I_LO_AP_LO_SANSA_FS_ECPRI_CMWV_TDD",
            "organization": "RAN_L2_SW_KRK_2_SG02",
            "result": "not analyzed",
            "env_issue_type": "",
            "fb": "FB2206",
            "fail_message": "Setup failed:\nAttributeError: 'NoneType' object has no attribute 'group'",
            "comment": "",
            "test_line": "MN Trunk Engine_Wroclaw_UTE5GCLASSICAL1493",
            "test_suite": "testsuite/Krakow/RRM/MN_RAN_L2/5GC001085/5GC001085-B.robot",
            "builds": "SBTS00_ENB_9999_220317_000004",
            "ute_exec_url": "['http://logs.ute.nsn-rdnet.net/cloud/execution/13762383/']",
            "log_file_url": "http://logs.ute.nsn-rdnet.net/cloud/execution/13762383/execution_for_preparation_89cb2b48-7546-4008-a2c7-377aa17a4a2f/test_results/log.html",
            "log_file_url_ext": null,
            "start_time": "2022-03-18T05:09:22Z",
            "end_time": "2022-03-18T05:31:28Z",
            "analyzed": false,
            "analyzed_by": null
        }
    },
    {
        "model": "tra.testrun",
        "pk": 41,
        "fields": {
            "rp_id": 60989260,
            "test_instance": 8,
            "testline_type": "CLOUD_5G_I_LO_AP_LO_SANSA_FS_ECPRI_CMWV_TDD",
            "organization": "RAN_L2_SW_KRK_2_SG02",
            "result": "not analyzed",
            "env_issue_type": "",
            "fb": "FB2206",
            "fail_message": "Setup failed:\nAttributeError: 'NoneType' object has no attribute 'group'",
            "comment": "",
            "test_line": "MN Trunk Engine_Wroclaw_UTE5GCLASSICAL1493",
            "test_suite": "testsuite/Krakow/RRM/MN_RAN_L2/5GC001085/5GC001085-B.robot",
            "builds": "SBTS00_ENB_9999_220317_000004",
            "ute_exec_url": "['http://logs.ute.nsn-rdnet.net/cloud/execution/13762383/']",
            "log_file_url": "http://logs.ute.nsn-rdnet.net/cloud/execution/13762383/execution_for_preparation_89cb2b48-7546-4008-a2c7-377aa17a4a2f/test_results/log.html",
            "log_file_url_ext": null,
            "start_time": "2022-03-18T04:43:35Z",
            "end_time": "2022-03-18T05:09:22Z",
            "analyzed": false,
            "analyzed_by": null
        }
    },
    {
        "model": "tra.testrun",
        "pk": 42,
        "fields": {
            "rp_id": 60989258,
            "test_instance": 9,
            "testline_type": "CLOUD_5G_I_LO_AP_LO_SANSA_FS_ECPRI_CMWV_TDD",
            "organization": "RAN_L2_SW_KRK_2_SG02",
            "result": "not analyzed",
            "env_issue_type": "",
            "fb": "FB2206",
            "fail_message": "Setup failed:\nAttributeError: 'NoneType' object has no attribute 'group'",
            "comment": "",
            "test_line": "MN Trunk Engine_Wroclaw_UTE5GCLASSICAL1493",
            "test_suite": "testsuite/Krakow/RRM/MN_RAN_L2/5GC001085/5GC001085-B.robot",
            "builds": "SBTS00_ENB_9999_220317_000004",
            "ute_exec_url": "['http://logs.ute.nsn-rdnet.net/cloud/execution/13762383/']",
            "log_file_url": "http://logs.ute.nsn-rdnet.net/cloud/execution/13762383/execution_for_preparation_89cb2b48-7546-4008-a2c7-377aa17a4a2f/test_results/log.html",
            "log_file_url_ext": null,
            "start_time": "2022-03-18T04:03:31Z",
            "end_time": "2022-03-18T04:43:35Z",
            "analyzed": false,
            "analyzed_by": null
        }
    },
    {
        "model": "tra.testrun",
        "pk": 43,
        "fields": {
            "rp_id": 60989257,
            "test_instance": 10,
            "testline_type": "CLOUD_5G_I_LO_AP_LO_SANSA_FS_ECPRI_CMWV_TDD",
            "organization": "RAN_L2_SW_KRK_2_SG02",
            "result": "not analyzed",
            "env_issue_type": "",
            "fb": "FB2206",
            "fail_message": "Setup failed:\nAttributeError: 'NoneType' object has no attribute 'group'",
            "comment": "",
            "test_line": "MN Trunk Engine_Wroclaw_UTE5GCLASSICAL1493",
            "test_suite": "testsuite/Krakow/RRM/MN_RAN_L2/5GC001085/5GC001085-B.robot",
            "builds": "SBTS00_ENB_9999_220317_000004",
            "ute_exec_url": "['http://logs.ute.nsn-rdnet.net/cloud/execution/13762383/']",
            "log_file_url": "http://logs.ute.nsn-rdnet.net/cloud/execution/13762383/execution_for_preparation_89cb2b48-7546-4008-a2c7-377aa17a4a2f/test_results/log.html",
            "log_file_url_ext": null,
            "start_time": "2022-03-18T03:18:49Z",
            "end_time": "2022-03-18T04:03:31Z",
            "analyzed": false,
            "analyzed_by": null
        }
    },
    {
        "model": "tra.testrun",
        "pk": 44,
        "fields": {
            "rp_id": 60989256,
            "test_instance": 11,
            "testline_type": "CLOUD_5G_I_LO_AP_LO_SANSA_FS_ECPRI_CMWV_TDD",
            "organization": "RAN_L2_SW_KRK_2_SG02",
            "result": "not analyzed",
            "env_issue_type": "",
            "fb": "FB2206",
            "fail_message": "Setup failed:\nAttributeError: 'NoneType' object has no attribute 'group'",
            "comment": "",
            "test_line": "MN Trunk Engine_Wroclaw_UTE5GCLASSICAL1493",
            "test_suite": "testsuite/Krakow/RRM/MN_RAN_L2/5GC001085/5GC001085-B.robot",
            "builds": "SBTS00_ENB_9999_220317_000004",
            "ute_exec_url": "['http://logs.ute.nsn-rdnet.net/cloud/execution/13762383/']",
            "log_file_url": "http://logs.ute.nsn-rdnet.net/cloud/execution/13762383/execution_for_preparation_89cb2b48-7546-4008-a2c7-377aa17a4a2f/test_results/log.html",
            "log_file_url_ext": null,
            "start_time": "2022-03-18T02:50:41Z",
            "end_time": "2022-03-18T03:18:49Z",
            "analyzed": false,
            "analyzed_by": null
        }
    },
    {
        "model": "tra.testrun",
        "pk": 45,
        "fields": {
            "rp_id": 60989254,
            "test_instance": 1,
            "testline_type": "CLOUD_5G_I_LO_AP_LO_SANSA_FS_ECPRI_CMWV_TDD",
            "organization": "RAN_L2_SW_KRK_2_SG02",
            "result": "not analyzed",
            "env_issue_type": "",
            "fb": "FB2206",
            "fail_message": "Setup failed:\nAttributeError: 'NoneType' object has no attribute 'group'",
            "comment": "",
            "test_line": "MN Trunk Engine_Wroclaw_UTE5GCLASSICAL1493",
            "test_suite": "testsuite/Krakow/RRM/MN_RAN_L2/5GC001085/5GC001085-B.robot",
            "builds": "SBTS00_ENB_9999_220317_000004",
            "ute_exec_url": "['http://logs.ute.nsn-rdnet.net/cloud/execution/13762383/']",
            "log_file_url": "http://logs.ute.nsn-rdnet.net/cloud/execution/13762383/execution_for_preparation_89cb2b48-7546-4008-a2c7-377aa17a4a2f/test_results/log.html",
            "log_file_url_ext": null,
            "start_time": "2022-03-18T01:31:35Z",
            "end_time": "2022-03-18T02:50:41Z",
            "analyzed": false,
            "analyzed_by": null
        }
    },
    {
        "model": "tra.testrun",
        "pk": 46,
        "fields": {
            "rp_id": 60989253,
            "test_instance": 12,
            "testline_type": "CLOUD_5G_I_LO_AP_LO_SANSA_FS_ECPRI_CMWV_TDD",
            "organization": "RAN_L2_SW_KRK_2_SG02",
            "result": "not analyzed",
            "env_issue_type": "",
            "fb": "FB2206",
            "fail_message": "Setup failed:\nAttributeError: 'NoneType' object has no attribute 'group'",
            "comment": "",
            "test_line": "MN Trunk Engine_Wroclaw_UTE5GCLASSICAL1493",
            "test_suite": "testsuite/Krakow/RRM/MN_RAN_L2/5GC001085/5GC001085-B.robot",
            "builds": "SBTS00_ENB_9999_220317_000004",
            "ute_exec_url": "['http://logs.ute.nsn-rdnet.net/cloud/execution/13762383/']",
            "log_file_url": "http://logs.ute.nsn-rdnet.net/cloud/execution/13762383/execution_for_preparation_89cb2b48-7546-4008-a2c7-377aa17a4a2f/test_results/log.html",
            "log_file_url_ext": null,
            "start_time": "2022-03-18T01:09:29Z",
            "end_time": "2022-03-18T01:31:35Z",
            "analyzed": false,
            "analyzed_by": null
        }
    },
    {
        "model": "tra.testrun",
        "pk": 47,
        "fields": {
            "rp_id": 60989251,
            "test_instance": 2,
            "testline_type": "CLOUD_5G_I_LO_AP_LO_SANSA_FS_ECPRI_CMWV_TDD",
            "organization": "RAN_L2_SW_KRK_2_SG02",
            "result": "not analyzed",
            "env_issue_type": "",
            "fb": "FB2206",
            "fail_message": "Setup failed:\nAttributeError: 'NoneType' object has no attribute 'group'",
            "comment": "",
            "test_line": "MN Trunk Engine_Wroclaw_UTE5GCLASSICAL1493",
            "test_suite": "testsuite/Krakow/RRM/MN_RAN_L2/5GC001085/5GC001085-B.robot",
            "builds": "SBTS00_ENB_9999_220317_000004",
            "ute_exec_url": "['http://logs.ute.nsn-rdnet.net/cloud/execution/13762383/']",
            "log_file_url": "http://logs.ute.nsn-rdnet.net/cloud/execution/13762383/execution_for_preparation_89cb2b48-7546-4008-a2c7-377aa17a4a2f/test_results/log.html",
            "log_file_url_ext": null,
            "start_time": "2022-03-18T00:30:03Z",
            "end_time": "2022-03-18T01:09:29Z",
            "analyzed": false,
            "analyzed_by": null
        }
    },
    {
        "model": "tra.testrun",
        "pk": 48,
        "fields": {
            "rp_id": 59613960,
            "test_instance": 5,
            "testline_type": "CLOUD_5G_I_LO_AP_LO_SANSA_FS_ECPRI_CMWV_TDD",
            "organization": "RAN_L2_SW_KRK_2_SG02",
            "result": "not analyzed",
            "env_issue_type": "",
            "fb": "FB2205",
            "fail_message": "NoRegexpMatch: It was not possible to find string after 10 secs to match regexp (NgAP Link with GUAMI .* not found) in output\n(\nEGATE> 20:04:01.370 TRC: UEC-1: UE1[NR-RRC]: <-UL-DCCH-NR\nvalue UL-DCCH-Message ::= \n{\n  message c1 : measurementReport : \n  {\n    criticalExtensions measurementReport : \n    {\n      measResults \n      {\n        measId 1,\n        measResultServingMOList \n        {\n          {\n            servCellId 0,\n            measResultServingCell \n            {\n              physCellId 50,\n    [ Message content over the limit has been removed. ]\n\n              }\n\n            }\n\n          }\n\n        }\n\n      }\n\n    }\n\n  }\n\n}\n\n\n\nEGATE> )",
            "comment": "",
            "test_line": "MN Trunk Engine_Wroclaw_UTE5GCLASSICAL1651",
            "test_suite": "testsuite/Krakow/RRM/MN_RAN_L2/5GC001085/5GC001085-B.robot",
            "builds": "SBTS00_ENB_9999_220304_000006",
            "ute_exec_url": "['http://logs.ute.nsn-rdnet.net/cloud/execution/13635864/']",
            "log_file_url": "http://logs.ute.nsn-rdnet.net/cloud/execution/13635864/execution_for_preparation_fdc6d0b2-73e3-4e02-95d9-68d66a4e1576/test_results/log.html",
            "log_file_url_ext": null,
            "start_time": "2022-03-04T19:50:48Z",
            "end_time": "2022-03-04T20:18:46Z",
            "analyzed": false,
            "analyzed_by": null
        }
    },
    {
        "model": "tra.testrun",
        "pk": 49,
        "fields": {
            "rp_id": 59613950,
            "test_instance": 9,
            "testline_type": "CLOUD_5G_I_LO_AP_LO_SANSA_FS_ECPRI_CMWV_TDD",
            "organization": "RAN_L2_SW_KRK_2_SG02",
            "result": "not analyzed",
            "env_issue_type": "",
            "fb": "FB2205",
            "fail_message": "ParsingFailed: Cannot find any string to match regexp (with status hoFailed Received NeighbourStatusUpdateInd) in file (/home/ute/test_results/syslog/syslog_gnb_1085_B_008_127.0.0.1.log)",
            "comment": "",
            "test_line": "MN Trunk Engine_Wroclaw_UTE5GCLASSICAL1651",
            "test_suite": "testsuite/Krakow/RRM/MN_RAN_L2/5GC001085/5GC001085-B.robot",
            "builds": "SBTS00_ENB_9999_220304_000006",
            "ute_exec_url": "['http://logs.ute.nsn-rdnet.net/cloud/execution/13635864/']",
            "log_file_url": "http://logs.ute.nsn-rdnet.net/cloud/execution/13635864/execution_for_preparation_fdc6d0b2-73e3-4e02-95d9-68d66a4e1576/test_results/log.html",
            "log_file_url_ext": null,
            "start_time": "2022-03-04T17:13:03Z",
            "end_time": "2022-03-04T17:39:36Z",
            "analyzed": false,
            "analyzed_by": null
        }
    },
    {
        "model": "tra.testrun",
        "pk": 50,
        "fields": {
            "rp_id": 59613943,
            "test_instance": 12,
            "testline_type": "CLOUD_5G_I_LO_AP_LO_SANSA_FS_ECPRI_CMWV_TDD",
            "organization": "RAN_L2_SW_KRK_2_SG02",
            "result": "not analyzed",
            "env_issue_type": "",
            "fb": "FB2205",
            "fail_message": "ParsingFailed: Cannot find any string to match regexp (with status hoFailed Received NeighbourStatusUpdateInd) in file (/home/ute/test_results/syslog/syslog_gnb_1085_B_002_127.0.0.1.log)",
            "comment": "",
            "test_line": "MN Trunk Engine_Wroclaw_UTE5GCLASSICAL1651",
            "test_suite": "testsuite/Krakow/RRM/MN_RAN_L2/5GC001085/5GC001085-B.robot",
            "builds": "SBTS00_ENB_9999_220304_000006",
            "ute_exec_url": "['http://logs.ute.nsn-rdnet.net/cloud/execution/13635864/']",
            "log_file_url": "http://logs.ute.nsn-rdnet.net/cloud/execution/13635864/execution_for_preparation_fdc6d0b2-73e3-4e02-95d9-68d66a4e1576/test_results/log.html",
            "log_file_url_ext": null,
            "start_time": "2022-03-04T15:05:47Z",
            "end_time": "2022-03-04T15:51:02Z",
            "analyzed": false,
            "analyzed_by": null
        }
    },
    {
        "model": "tra.testrun",
        "pk": 51,
        "fields": {
            "rp_id": 63676020,
            "test_instance": 13,
            "testline_type": "CLOUD_5G_I_LO_AP_LO_SANSA_FS_ECPRI_CMWV_TDD",
            "organization": "RAN_L2_SW_KRK_2_SG02",
            "result": "not analyzed",
            "env_issue_type": "",
            "fb": "FB2207",
            "fail_message": "Setup failed:\nMibSibAcquisitionFailed: MIB-SIB Acquisition failed over 4 retries",
            "comment": "",
            "test_line": "MN Trunk Engine_Wroclaw_UTE5GCLASSICAL1435",
            "test_suite": "testsuite/Krakow/RRM/MN_RAN_L2/5GC002175/5GC002175.robot",
            "builds": "SBTS22R2_ENB_0000_001200_000000",
            "ute_exec_url": "['http://logs.ute.nsn-rdnet.net/cloud/execution/14026271/']",
            "log_file_url": "http://logs.ute.nsn-rdnet.net/cloud/execution/14026271/execution_for_preparation_bad555aa-464b-48eb-af6f-000c351184b9/test_results/log.html",
            "log_file_url_ext": null,
            "start_time": "2022-04-11T01:48:39Z",
            "end_time": "2022-04-11T03:13:01Z",
            "analyzed": false,
            "analyzed_by": null
        }
    },
    {
        "model": "tra.testrun",
        "pk": 52,
        "fields": {
            "rp_id": 61723001,
            "test_instance": 13,
            "testline_type": "CLOUD_5G_I_LO_AP_LO_SANSA_FS_ECPRI_CMWV_TDD",
            "organization": "RAN_L2_SW_KRK_2_SG02",
            "result": "not analyzed",
            "env_issue_type": "",
            "fb": "FB2206",
            "fail_message": "Parent suite setup failed:\nAttributeError: type object 'SwConfigModifier' has no attribute 'get_capability_unit_name'",
            "comment": "",
            "test_line": "MN Trunk Engine_Wroclaw_UTE5GCLASSICAL1843",
            "test_suite": "testsuite/Krakow/RRM/MN_RAN_L2/5GC002175/5GC002175.robot",
            "builds": "SBTS22R2_ENB_0000_001062_000000",
            "ute_exec_url": "['http://logs.ute.nsn-rdnet.net/cloud/execution/13839453/']",
            "log_file_url": "http://logs.ute.nsn-rdnet.net/cloud/execution/13839453/execution_for_preparation_a351d6b3-fdaf-4a0f-becd-c37ba77f5301/test_results/log.html",
            "log_file_url_ext": null,
            "start_time": "2022-03-24T22:13:35Z",
            "end_time": "2022-03-24T22:13:35Z",
            "analyzed": false,
            "analyzed_by": null
        }
    },
    {
        "model": "tra.testrun",
        "pk": 53,
        "fields": {
            "rp_id": 61722999,
            "test_instance": 14,
            "testline_type": "CLOUD_5G_I_LO_AP_LO_SANSA_FS_ECPRI_CMWV_TDD",
            "organization": "RAN_L2_SW_KRK_2_SG02",
            "result": "not analyzed",
            "env_issue_type": "",
            "fb": "FB2206",
            "fail_message": "Parent suite setup failed:\nAttributeError: type object 'SwConfigModifier' has no attribute 'get_capability_unit_name'",
            "comment": "",
            "test_line": "MN Trunk Engine_Wroclaw_UTE5GCLASSICAL1843",
            "test_suite": "testsuite/Krakow/RRM/MN_RAN_L2/5GC002175/5GC002175.robot",
            "builds": "SBTS22R2_ENB_0000_001062_000000",
            "ute_exec_url": "['http://logs.ute.nsn-rdnet.net/cloud/execution/13839453/']",
            "log_file_url": "http://logs.ute.nsn-rdnet.net/cloud/execution/13839453/execution_for_preparation_a351d6b3-fdaf-4a0f-becd-c37ba77f5301/test_results/log.html",
            "log_file_url_ext": null,
            "start_time": "2022-03-24T22:13:35Z",
            "end_time": "2022-03-24T22:13:35Z",
            "analyzed": false,
            "analyzed_by": null
        }
    },
    {
        "model": "tra.testrun",
        "pk": 54,
        "fields": {
            "rp_id": 60951637,
            "test_instance": 13,
            "testline_type": "CLOUD_5G_I_LO_AP_LO_SANSA_FS_ECPRI_CMWV_TDD",
            "organization": "RAN_L2_SW_KRK_2_SG02",
            "result": "not analyzed",
            "env_issue_type": "",
            "fb": "FB2206",
            "fail_message": "Setup failed:\nAttributeError: 'NoneType' object has no attribute 'group'",
            "comment": "",
            "test_line": "MN Trunk Engine_Wroclaw_UTE5GCLASSICAL1512",
            "test_suite": "testsuite/Krakow/RRM/MN_RAN_L2/5GC002175/5GC002175.robot",
            "builds": "SBTS22R2_ENB_0000_000995_000000",
            "ute_exec_url": "['http://logs.ute.nsn-rdnet.net/cloud/execution/13765154/']",
            "log_file_url": "http://logs.ute.nsn-rdnet.net/cloud/execution/13765154/execution_for_preparation_f856bd29-fc5d-40de-9263-98ed7c539634/test_results/log.html",
            "log_file_url_ext": null,
            "start_time": "2022-03-17T21:20:51Z",
            "end_time": "2022-03-17T21:40:45Z",
            "analyzed": false,
            "analyzed_by": null
        }
    },
    {
        "model": "tra.testrun",
        "pk": 55,
        "fields": {
            "rp_id": 60951636,
            "test_instance": 14,
            "testline_type": "CLOUD_5G_I_LO_AP_LO_SANSA_FS_ECPRI_CMWV_TDD",
            "organization": "RAN_L2_SW_KRK_2_SG02",
            "result": "not analyzed",
            "env_issue_type": "",
            "fb": "FB2206",
            "fail_message": "Setup failed:\nMibSibAcquisitionFailed: MIB-SIB Acquisition failed over 4 retries",
            "comment": "",
            "test_line": "MN Trunk Engine_Wroclaw_UTE5GCLASSICAL1512",
            "test_suite": "testsuite/Krakow/RRM/MN_RAN_L2/5GC002175/5GC002175.robot",
            "builds": "SBTS22R2_ENB_0000_000995_000000",
            "ute_exec_url": "['http://logs.ute.nsn-rdnet.net/cloud/execution/13765154/']",
            "log_file_url": "http://logs.ute.nsn-rdnet.net/cloud/execution/13765154/execution_for_preparation_f856bd29-fc5d-40de-9263-98ed7c539634/test_results/log.html",
            "log_file_url_ext": null,
            "start_time": "2022-03-17T19:56:46Z",
            "end_time": "2022-03-17T21:20:51Z",
            "analyzed": false,
            "analyzed_by": null
        }
    },
    {
        "model": "tra.testrun",
        "pk": 56,
        "fields": {
            "rp_id": 59490112,
            "test_instance": 14,
            "testline_type": "CLOUD_5G_I_LO_AP_LO_SANSA_FS_ECPRI_CMWV_TDD",
            "organization": "RAN_L2_SW_KRK_2_SG02",
            "result": "not analyzed",
            "env_issue_type": "",
            "fb": "FB2205",
            "fail_message": "Setup failed:\nMibSibAcquisitionFailed: MIB-SIB Acquisition failed over 4 retries",
            "comment": "",
            "test_line": "5G_Ulm_UTE5GTL308",
            "test_suite": "testsuite/Krakow/RRM/MN_RAN_L2/5GC002175/5GC002175.robot",
            "builds": "SBTS22R2_ENB_0000_000768_000000",
            "ute_exec_url": "['http://logs.ute.nsn-rdnet.net/cloud/execution/13624436/']",
            "log_file_url": "http://logs.ute.nsn-rdnet.net/cloud/execution/13624436/execution_for_preparation_aae51999-f330-4371-b860-1150bcf147a0/test_results/log.html",
            "log_file_url_ext": null,
            "start_time": "2022-03-03T12:24:51Z",
            "end_time": "2022-03-03T13:49:08Z",
            "analyzed": false,
            "analyzed_by": null
        }
    },
    {
        "model": "tra.regressionfilter",
        "pk": 1,
        "fields": {
            "name": "1085-B Trunk LO_LO",
            "limit": 50,
            "test_set": 1,
            "testline_type": "CLOUD_5G_I_LO_AP_LO_SANSA_FS_ECPRI_CMWV_TDD",
            "owners": [
                1
            ],
            "subscribers": [
                1,
                2
            ],
            "fail_message_type_groups": []
        }
    },
    {
        "model": "tra.regressionfilter",
        "pk": 2,
        "fields": {
            "name": "2175 QB",
            "limit": 50,
            "test_set": 2,
            "testline_type": "CLOUD_5G_I_LO_AP_LO_SANSA_FS_ECPRI_CMWV_TDD",
            "owners": [
                1
            ],
            "subscribers": [
                1,
                2
            ],
            "fail_message_type_groups": []
        }
    }
]