[{"model": "tra.failmessagetype", "pk": 5, "fields": {"author": 1, "name": "EGATE print did not match", "regex": "NoRegexpMatch:.*after 10 secs to match regexp \\(.*\\) in output", "description": "", "env_issue_type": "iphy"}}, {"model": "tra.failmessagetype", "pk": 6, "fields": {"author": 1, "name": "MIB-SIB Acquisition Failed", "regex": "MibSibAcquisitionFailed", "description": "", "env_issue_type": "iphy"}}, {"model": "tra.failmessagetype", "pk": 7, "fields": {"author": 1, "name": "RadioHeadTimeoutException", "regex": "RadioHeadTimeoutException", "description": "", "env_issue_type": "iphy"}}, {"model": "tra.failmessagetype", "pk": 8, "fields": {"author": 1, "name": "Cannot find print in syslog", "regex": "ParsingFailed:.*syslog", "description": "", "env_issue_type": "Other"}}, {"model": "tra.failmessagetype", "pk": 9, "fields": {"author": 1, "name": "Admin API exception", "regex": "AdminApiProcedureFailureException", "description": "", "env_issue_type": "Other"}}, {"model": "tra.failmessagetype", "pk": 10, "fields": {"author": 1, "name": "Cannot find print in syslog", "regex": "Number of messages \\d+ is not.*", "description": "", "env_issue_type": "Precondition"}}, {"model": "tra.failmessagetype", "pk": 11, "fields": {"author": 1, "name": "PDU session setup failure", "regex": "It was not possible to find string.*Established PDU session", "description": "", "env_issue_type": "iphy"}}, {"model": "tra.failmessagetype", "pk": 12, "fields": {"author": 1, "name": "UE register failure", "regex": "It was not possible to find string.*Received REGISTRATION COMPLETE", "description": "", "env_issue_type": "iphy"}}, {"model": "tra.failmessagetype", "pk": 13, "fields": {"author": 1, "name": "Admin API exception", "regex": "UnboundLocalError: local variable.*admin_connection.*referenced before assignment", "description": "", "env_issue_type": "Other"}}, {"model": "tra.failmessagetype", "pk": 14, "fields": {"author": 1, "name": "PM Counter error", "regex": "Value for period \\d+ is \\d+ but expected is", "description": "", "env_issue_type": "Precondition"}}, {"model": "tra.failmessagetype", "pk": 15, "fields": {"author": 1, "name": "PM Counter error", "regex": "CounterNotFound", "description": "", "env_issue_type": "Precondition"}}, {"model": "tra.failmessagetype", "pk": 16, "fields": {"author": 1, "name": "PCAP validation failed", "regex": "MessageObserverTimeout", "description": "", "env_issue_type": "Precondition"}}, {"model": "tra.failmessagetype", "pk": 17, "fields": {"author": 1, "name": "Handover performed while it should not have been", "regex": "NoRegexpMatch: Fail regexp found \\(.*handover.*performed.*\\)", "description": "", "env_issue_type": "iphy"}}, {"model": "tra.failmessagetype", "pk": 18, "fields": {"author": 1, "name": "Test script error", "regex": "No keyword with name", "description": "", "env_issue_type": "TA_SCRIPT"}}, {"model": "tra.failmessagetype", "pk": 19, "fields": {"author": 1, "name": "Connection to gNB was lost", "regex": "NoValidConnectionsError:.*192.168.255.1", "description": "", "env_issue_type": "Other"}}, {"model": "tra.failmessagetype", "pk": 20, "fields": {"author": 1, "name": "Admin API exception", "regex": "AdminApi.*Exception", "description": "", "env_issue_type": "Lib"}}, {"model": "tra.failmessagetype", "pk": 21, "fields": {"author": 1, "name": "DTX ratio is to high", "regex": "DTX ratio.*is to.*high", "description": "", "env_issue_type": "BTS"}}, {"model": "tra.failmessagetype", "pk": 22, "fields": {"author": 1, "name": "Object in SCF is present, while it should not be", "regex": ".*is present in SCF. This is unexpected", "description": "", "env_issue_type": "SCF"}}, {"model": "tra.failmessagetype", "pk": 23, "fields": {"author": 1, "name": "Object in SCF is present, while it should not be", "regex": ".*is present in SCF, while it should not be", "description": "", "env_issue_type": "SCF"}}, {"model": "tra.failmessagetype", "pk": 24, "fields": {"author": 1, "name": "Object is missing from SCF", "regex": ".*is not present in SCF", "description": "", "env_issue_type": "SCF"}}, {"model": "tra.failmessagetype", "pk": 25, "fields": {"author": 1, "name": "PCAP validation failed", "regex": ".*not found in gNB tcpdump file", "description": "", "env_issue_type": "Precondition"}}, {"model": "tra.failmessagetype", "pk": 26, "fields": {"author": 1, "name": "PM Counter error", "regex": "Counter.*does not satisfy the expression", "description": "", "env_issue_type": "Precondition"}}, {"model": "tra.failmessagetype", "pk": 27, "fields": {"author": 1, "name": "PCAP validation failed", "regex": "NoMessageInFlow:.*", "description": "", "env_issue_type": "BTS"}}, {"model": "tra.failmessagetypegroup", "pk": 1, "fields": {"author": 1, "name": "Main", "fail_message_types": [5, 6, 7, 8, 9, 10, 11, 12, 13, 14, 15, 16, 17, 18, 19, 20, 21, 22, 23, 24, 25, 26, 27]}}, {"model": "tra.failmessagetypegroup", "pk": 2, "fields": {"author": 2, "name": "AirPhone errors", "fail_message_types": [11, 12, 6, 7]}}, {"model": "tra.failmessagetypegroup", "pk": 3, "fields": {"author": 2, "name": "Counter errors", "fail_message_types": [26, 14, 15]}}, {"model": "tra.failmessagetypegroup", "pk": 4, "fields": {"author": 2, "name": "Admin errors", "fail_message_types": [9, 20, 13]}}, {"model": "tra.failmessagetypegroup", "pk": 5, "fields": {"author": 2, "name": "SCF validation errors", "fail_message_types": [24, 22, 23]}}, {"model": "tra.testset", "pk": 1, "fields": {"name": "5GC001085-B_Intra-frequency_inter-gNB_neighbor_NRREL_addition_-_Previously_established_Xn", "test_lab_path": "Root\\Test_Sets\\Trunk\\RAN_L2_SW_KRK_2\\5GC001085_ANR_for_SA_intra-NR_intra-frequency_UE_based", "branch": "Trunk"}}, {"model": "tra.testset", "pk": 2, "fields": {"name": "5GC002640_AD_DRX_MG_support_IODT", "test_lab_path": "Root\\Test_Sets\\Trunk\\RAN_L2_SW_KRK_2\\5GC002640_Extended_Inter_band_DL_FDD-TDD_FR1_CA", "branch": "Trunk"}}, {"model": "tra.testset", "pk": 3, "fields": {"name": "5GC001085-A_Intra-frequency_intra-gNB_neighbor_NRREL_addition", "test_lab_path": "Root\\Test_Sets\\Trunk\\RAN_L2_SW_KRK_2\\CB007326_5G_feature_porting_for_FR1_TDD_ASOE\\5GC001085", "branch": "Trunk"}}, {"model": "tra.testset", "pk": 4, "fields": {"name": "5GC001085-B_Intra-frequency_inter-gNB_neighbor_NRREL_addition_-_Previously_established_Xn", "test_lab_path": "Root\\Test_Sets\\Trunk\\RAN_L2_SW_KRK_2\\CB007326_5G_feature_porting_for_FR1_TDD_ASOE\\5GC001085", "branch": "Trunk"}}, {"model": "tra.testset", "pk": 5, "fields": {"name": "5GC002175-QB", "test_lab_path": "Root\\Test_Sets\\Trunk\\RAN_L2_SW_KRK_2\\CB007326_5G_feature_porting_for_FR1_TDD_ASOE\\5GC002175", "branch": "Trunk"}}, {"model": "tra.testset", "pk": 6, "fields": {"name": "5GC002175-RB", "test_lab_path": "Root\\Test_Sets\\Trunk\\RAN_L2_SW_KRK_2\\CB007326_5G_feature_porting_for_FR1_TDD_ASOE\\5GC002175", "branch": "Trunk"}}, {"model": "tra.testset", "pk": 7, "fields": {"name": "5GC002175-QB", "test_lab_path": "Root\\Test_Sets\\Trunk\\RAN_L2_SW_KRK_2\\5GC002175_Spillover_from_SA_Mobility_(5GC000704_5GC000708)", "branch": "Trunk"}}, {"model": "tra.testset", "pk": 8, "fields": {"name": "5GC002175-RB", "test_lab_path": "Root\\Test_Sets\\Trunk\\RAN_L2_SW_KRK_2\\5GC002175_Spillover_from_SA_Mobility_(5GC000704_5GC000708)", "branch": "Trunk"}}, {"model": "tra.testset", "pk": 9, "fields": {"name": "5GC001085-A_Intra-frequency_intra-gNB_neighbor_NRREL_addition", "test_lab_path": "Root\\Test_Sets\\Trunk\\RAN_L2_SW_KRK_2\\5GC001085_ANR_for_SA_intra-NR_intra-frequency_UE_based", "branch": "Trunk"}}, {"model": "tra.testset", "pk": 10, "fields": {"name": "5GC001085-C_Intra-frequency_NRREL_deletion_(Pruning)_based_on_Measurement_Reports", "test_lab_path": "Root\\Test_Sets\\Trunk\\RAN_L2_SW_KRK_2\\CB007326_5G_feature_porting_for_FR1_TDD_ASOE\\5GC001085", "branch": "Trunk"}}, {"model": "tra.testset", "pk": 11, "fields": {"name": "5GC001085-C_Intra-frequency_NRREL_deletion_(Pruning)_based_on_Measurement_Reports", "test_lab_path": "Root\\Test_Sets\\Trunk\\RAN_L2_SW_KRK_2\\5GC001085_ANR_for_SA_intra-NR_intra-frequency_UE_based", "branch": "Trunk"}}, {"model": "tra.testset", "pk": 12, "fields": {"name": "CB007883-5G-D_-_Spillover_of_5GC001085-D_Intra_Frequency_Inter-gNB_neighbor_NRREL_and_Xn_addition_SON_Config_Transfer", "test_lab_path": "Root\\Test_Sets\\Trunk\\RAN_L2_SW_KRK_2\\CB007326_5G_feature_porting_for_FR1_TDD_ASOE\\CB007883-5G", "branch": "Trunk"}}, {"model": "tra.testset", "pk": 13, "fields": {"name": "CB007883-5G-D_-_Spillover_of_5GC001085-D_Intra_Frequency_Inter-gNB_neighbor_NRREL_and_Xn_addition_SON_Config_Transfer", "test_lab_path": "Root\\Test_Sets\\Trunk\\RAN_L2_SW_KRK_2\\CB007883-5G_Spillover_of_5GC001085_ANR_for_SA_intra-NR_intra-frequency_UE_based", "branch": "Trunk"}}, {"model": "tra.testset", "pk": 14, "fields": {"name": "CB008533_B_Multiple_UEs_Call_Setup_4CC_DL_CA", "test_lab_path": "Root\\Test_Sets\\Trunk\\RAN_L2_SW_KRK_2\\CB008533_Extended_Inter_band_DL_FDD-TDD_FR1_CA_up_to_4CCs", "branch": "Trunk"}}, {"model": "tra.testset", "pk": 15, "fields": {"name": "5GC002640_AD_DRX_MG_support_IODT", "test_lab_path": "Root\\Test_Sets\\22R3\\Regression\\RAN_L2_SW_KRK_2\\5GC002640_Extended_Inter_band_DL_FDD-TDD_FR1_CA", "branch": "22R3"}}, {"model": "tra.testset", "pk": 16, "fields": {"name": "5GC001085-A_Intra-frequency_intra-gNB_neighbor_NRREL_addition", "test_lab_path": "Root\\Test_Sets\\22R3\\Regression\\RAN_L2_SW_KRK_2\\CB007326_5G_feature_porting_for_FR1_TDD_ASOE\\5GC001085", "branch": "22R3"}}, {"model": "tra.testset", "pk": 17, "fields": {"name": "5GC001085-A_Intra-frequency_intra-gNB_neighbor_NRREL_addition", "test_lab_path": "Root\\Test_Sets\\22R3\\Regression\\RAN_L2_SW_KRK_2\\5GC001085_ANR_for_SA_intra-NR_intra-frequency_UE_based", "branch": "22R3"}}, {"model": "tra.testset", "pk": 18, "fields": {"name": "5GC001085-B_Intra-frequency_inter-gNB_neighbor_NRREL_addition_-_Previously_established_Xn", "test_lab_path": "Root\\Test_Sets\\22R3\\Regression\\RAN_L2_SW_KRK_2\\5GC001085_ANR_for_SA_intra-NR_intra-frequency_UE_based", "branch": "22R3"}}, {"model": "tra.testset", "pk": 19, "fields": {"name": "5GC001085-B_Intra-frequency_inter-gNB_neighbor_NRREL_addition_-_Previously_established_Xn", "test_lab_path": "Root\\Test_Sets\\22R3\\Regression\\RAN_L2_SW_KRK_2\\CB007326_5G_feature_porting_for_FR1_TDD_ASOE\\5GC001085", "branch": "22R3"}}, {"model": "tra.testset", "pk": 20, "fields": {"name": "5GC002175-QB", "test_lab_path": "Root\\Test_Sets\\22R3\\Regression\\RAN_L2_SW_KRK_2\\5GC002175_Spillover_from_SA_Mobility_(5GC000704_5GC000708)", "branch": "22R3"}}, {"model": "tra.testset", "pk": 21, "fields": {"name": "5GC002175-QB", "test_lab_path": "Root\\Test_Sets\\22R3\\Regression\\RAN_L2_SW_KRK_2\\CB007326_5G_feature_porting_for_FR1_TDD_ASOE\\5GC002175", "branch": "22R3"}}, {"model": "tra.testset", "pk": 22, "fields": {"name": "5GC002175-RB", "test_lab_path": "Root\\Test_Sets\\22R3\\Regression\\RAN_L2_SW_KRK_2\\CB007326_5G_feature_porting_for_FR1_TDD_ASOE\\5GC002175", "branch": "22R3"}}, {"model": "tra.testset", "pk": 23, "fields": {"name": "5GC002175-RB", "test_lab_path": "Root\\Test_Sets\\22R3\\Regression\\RAN_L2_SW_KRK_2\\5GC002175_Spillover_from_SA_Mobility_(5GC000704_5GC000708)", "branch": "22R3"}}, {"model": "tra.testset", "pk": 24, "fields": {"name": "5GC001085-C_Intra-frequency_NRREL_deletion_(Pruning)_based_on_Measurement_Reports", "test_lab_path": "Root\\Test_Sets\\22R3\\Regression\\RAN_L2_SW_KRK_2\\5GC001085_ANR_for_SA_intra-NR_intra-frequency_UE_based", "branch": "22R3"}}, {"model": "tra.testset", "pk": 25, "fields": {"name": "5GC001085-C_Intra-frequency_NRREL_deletion_(Pruning)_based_on_Measurement_Reports", "test_lab_path": "Root\\Test_Sets\\22R3\\Regression\\RAN_L2_SW_KRK_2\\CB007326_5G_feature_porting_for_FR1_TDD_ASOE\\5GC001085", "branch": "22R3"}}, {"model": "tra.testset", "pk": 26, "fields": {"name": "CB007883-5G-D_-_Spillover_of_5GC001085-D_Intra_Frequency_Inter-gNB_neighbor_NRREL_and_Xn_addition_SON_Config_Transfer", "test_lab_path": "Root\\Test_Sets\\22R3\\Regression\\RAN_L2_SW_KRK_2\\CB007883-5G_Spillover_of_5GC001085_ANR_for_SA_intra-NR_intra-frequency_UE_based", "branch": "22R3"}}, {"model": "tra.testset", "pk": 27, "fields": {"name": "CB007883-5G-D_-_Spillover_of_5GC001085-D_Intra_Frequency_Inter-gNB_neighbor_NRREL_and_Xn_addition_SON_Config_Transfer", "test_lab_path": "Root\\Test_Sets\\22R3\\Regression\\RAN_L2_SW_KRK_2\\CB007326_5G_feature_porting_for_FR1_TDD_ASOE\\CB007883-5G", "branch": "22R3"}}, {"model": "tra.testset", "pk": 28, "fields": {"name": "CB008533_B_Multiple_UEs_Call_Setup_4CC_DL_CA", "test_lab_path": "Root\\Test_Sets\\22R3\\Regression\\RAN_L2_SW_KRK_2\\CB008533_Extended_Inter_band_DL_FDD-TDD_FR1_CA_up_to_4CCs", "branch": "22R3"}}, {"model": "tra.regressionfilter", "pk": 1, "fields": {"name": "LOLO Trunk 1085-B", "limit": 50, "test_set": 1, "testline_type": "CLOUD_5G_I_LO_AP_LO_SANSA_FS_ECPRI_CMWV_TDD", "owners": [1, 2], "subscribers": [1, 2], "fail_message_type_groups": [1]}}, {"model": "tra.regressionfilter", "pk": 2, "fields": {"name": "BOOKLLL Trunk 8533", "limit": 50, "test_set": 14, "testline_type": "CLOUD_5G_I_BOO_AP_KLLL_SANSA_L1B_ECPRI_CMWV_TDD", "owners": [2], "subscribers": [1, 2], "fail_message_type_groups": [1]}}, {"model": "tra.regressionfilter", "pk": 3, "fields": {"name": "BOOKLLL Trunk 2640", "limit": 50, "test_set": 2, "testline_type": "CLOUD_5G_I_BOO_AP_KLLL_SANSA_L1B_ECPRI_CMWV_TDD", "owners": [2], "subscribers": [3, 1, 2], "fail_message_type_groups": [1]}}, {"model": "tra.regressionfilter", "pk": 4, "fields": {"name": "LOLO Trunk 1085-A", "limit": 50, "test_set": 9, "testline_type": "CLOUD_5G_I_LO_AP_LO_SANSA_FS_ECPRI_CMWV_TDD", "owners": [2], "subscribers": [1, 2], "fail_message_type_groups": [1]}}, {"model": "tra.regressionfilter", "pk": 5, "fields": {"name": "OELO Trunk 1085-A", "limit": 50, "test_set": 3, "testline_type": "CLOUD_5G_O_E_AP_LO_SANSA_FS_ECPRI_CMWV_TDD", "owners": [2], "subscribers": [1, 2], "fail_message_type_groups": [1]}}, {"model": "tra.regressionfilter", "pk": 6, "fields": {"name": "OELO Trunk 1085-B", "limit": 50, "test_set": 4, "testline_type": "CLOUD_5G_O_E_AP_LO_SANSA_FS_ECPRI_CMWV_TDD", "owners": [2], "subscribers": [1, 2], "fail_message_type_groups": [1]}}, {"model": "tra.regressionfilter", "pk": 7, "fields": {"name": "LOLO Trunk 1085-C", "limit": 50, "test_set": 11, "testline_type": "CLOUD_5G_I_LO_AP_LO_SANSA_FS_ECPRI_CMWV_TDD", "owners": [2], "subscribers": [1, 2], "fail_message_type_groups": [1]}}, {"model": "tra.regressionfilter", "pk": 8, "fields": {"name": "OELO Trunk 1085-C", "limit": 50, "test_set": 10, "testline_type": "CLOUD_5G_O_E_AP_LO_SANSA_FS_ECPRI_CMWV_TDD", "owners": [2], "subscribers": [1, 2], "fail_message_type_groups": [1]}}, {"model": "tra.regressionfilter", "pk": 9, "fields": {"name": "LOLO Trunk 7883", "limit": 50, "test_set": 13, "testline_type": "CLOUD_5G_I_LO_AP_LO_SANSA_FS_ECPRI_CMWV_TDD", "owners": [2], "subscribers": [1, 2], "fail_message_type_groups": [1]}}, {"model": "tra.regressionfilter", "pk": 10, "fields": {"name": "OELO Trunk 7883", "limit": 50, "test_set": 12, "testline_type": "CLOUD_5G_O_E_AP_LO_SANSA_FS_ECPRI_CMWV_TDD", "owners": [2], "subscribers": [1, 2], "fail_message_type_groups": [1]}}, {"model": "tra.regressionfilter", "pk": 11, "fields": {"name": "LOLO Trunk 2175-RB", "limit": 50, "test_set": 8, "testline_type": "CLOUD_5G_I_LO_AP_LO_SANSA_FS_ECPRI_CMWV_TDD", "owners": [2], "subscribers": [1, 2], "fail_message_type_groups": [1]}}, {"model": "tra.regressionfilter", "pk": 12, "fields": {"name": "OELO Trunk 2175-RB", "limit": 50, "test_set": 6, "testline_type": "CLOUD_5G_O_E_AP_LO_SANSA_FS_ECPRI_CMWV_TDD", "owners": [2], "subscribers": [1, 2], "fail_message_type_groups": [1]}}, {"model": "tra.regressionfilter", "pk": 13, "fields": {"name": "LOLO Trunk 2175-QB", "limit": 50, "test_set": 7, "testline_type": "CLOUD_5G_I_LO_AP_LO_SANSA_FS_ECPRI_CMWV_TDD", "owners": [2], "subscribers": [1, 2], "fail_message_type_groups": [1]}}, {"model": "tra.regressionfilter", "pk": 14, "fields": {"name": "OELO Trunk 2175-QB", "limit": 50, "test_set": 5, "testline_type": "CLOUD_5G_O_E_AP_LO_SANSA_FS_ECPRI_CMWV_TDD", "owners": [2], "subscribers": [1, 2], "fail_message_type_groups": [1]}}, {"model": "tra.regressionfilter", "pk": 15, "fields": {"name": "BOO KLLL 22R3 8533", "limit": 50, "test_set": 28, "testline_type": "CLOUD_5G_I_BOO_AP_KLLL_SANSA_L1B_ECPRI_CMWV_TDD", "owners": [2], "subscribers": [1, 2], "fail_message_type_groups": [1]}}, {"model": "tra.regressionfilter", "pk": 16, "fields": {"name": "LOLO 22R3 7883", "limit": 50, "test_set": 26, "testline_type": "CLOUD_5G_I_LO_AP_LO_SANSA_FS_ECPRI_CMWV_TDD", "owners": [2], "subscribers": [1, 2], "fail_message_type_groups": [1]}}, {"model": "tra.regressionfilter", "pk": 17, "fields": {"name": "OELO 22R3 7883", "limit": 50, "test_set": 27, "testline_type": "CLOUD_5G_O_E_AP_LO_SANSA_FS_ECPRI_CMWV_TDD", "owners": [2], "subscribers": [1, 2], "fail_message_type_groups": [1]}}, {"model": "tra.regressionfilter", "pk": 18, "fields": {"name": "LOLO 22R3 1085-C", "limit": 50, "test_set": 24, "testline_type": "CLOUD_5G_I_LO_AP_LO_SANSA_FS_ECPRI_CMWV_TDD", "owners": [2], "subscribers": [1, 2], "fail_message_type_groups": [1]}}, {"model": "tra.regressionfilter", "pk": 19, "fields": {"name": "OELO 22R3 1085-C", "limit": 50, "test_set": 25, "testline_type": "CLOUD_5G_O_E_AP_LO_SANSA_FS_ECPRI_CMWV_TDD", "owners": [2], "subscribers": [1, 2], "fail_message_type_groups": [1]}}, {"model": "tra.regressionfilter", "pk": 20, "fields": {"name": "LOLO 22R3 2175-RB", "limit": 50, "test_set": 23, "testline_type": "CLOUD_5G_I_LO_AP_LO_SANSA_FS_ECPRI_CMWV_TDD", "owners": [2], "subscribers": [1, 2], "fail_message_type_groups": [1]}}, {"model": "tra.regressionfilter", "pk": 21, "fields": {"name": "OELO 22R3 2175-RB", "limit": 50, "test_set": 22, "testline_type": "CLOUD_5G_O_E_AP_LO_SANSA_FS_ECPRI_CMWV_TDD", "owners": [2], "subscribers": [1, 2], "fail_message_type_groups": [1]}}, {"model": "tra.regressionfilter", "pk": 22, "fields": {"name": "OELO 22R3 2175-QB", "limit": 50, "test_set": 21, "testline_type": "CLOUD_5G_O_E_AP_LO_SANSA_FS_ECPRI_CMWV_TDD", "owners": [2], "subscribers": [1, 2], "fail_message_type_groups": [1]}}, {"model": "tra.regressionfilter", "pk": 23, "fields": {"name": "LOLO 22R3 2175-QB", "limit": 50, "test_set": 20, "testline_type": "CLOUD_5G_I_LO_AP_LO_SANSA_FS_ECPRI_CMWV_TDD", "owners": [2], "subscribers": [1, 2], "fail_message_type_groups": [1]}}, {"model": "tra.regressionfilter", "pk": 24, "fields": {"name": "OELO 22R3 1085-B", "limit": 50, "test_set": 19, "testline_type": "CLOUD_5G_O_E_AP_LO_SANSA_FS_ECPRI_CMWV_TDD", "owners": [2], "subscribers": [1, 2], "fail_message_type_groups": [1]}}, {"model": "tra.regressionfilter", "pk": 25, "fields": {"name": "LOLO 22R3 1085-B", "limit": 50, "test_set": 18, "testline_type": "CLOUD_5G_I_LO_AP_LO_SANSA_FS_ECPRI_CMWV_TDD", "owners": [2], "subscribers": [1, 2], "fail_message_type_groups": [1]}}, {"model": "tra.regressionfilter", "pk": 26, "fields": {"name": "LOLO 22R3 1085-A", "limit": 50, "test_set": 17, "testline_type": "CLOUD_5G_I_LO_AP_LO_SANSA_FS_ECPRI_CMWV_TDD", "owners": [2], "subscribers": [1, 2], "fail_message_type_groups": [1]}}, {"model": "tra.regressionfilter", "pk": 27, "fields": {"name": "OELO 22R3 1085-A", "limit": 50, "test_set": 16, "testline_type": "CLOUD_5G_O_E_AP_LO_SANSA_FS_ECPRI_CMWV_TDD", "owners": [2], "subscribers": [1, 2], "fail_message_type_groups": [1]}}, {"model": "tra.regressionfilter", "pk": 28, "fields": {"name": "BOOKLLL 22R3 2640", "limit": 50, "test_set": 15, "testline_type": "CLOUD_5G_I_BOO_AP_KLLL_SANSA_L1B_ECPRI_CMWV_TDD", "owners": [2], "subscribers": [1, 2], "fail_message_type_groups": [1]}}, {"model": "tra.testlinetype", "pk": "CLOUD_5G_I_BOO_AP_KLLL_SANSA_L1B_ECPRI_CMWV_TDD", "fields": {}}, {"model": "tra.testlinetype", "pk": "CLOUD_5G_I_LO_AP_LO_SANSA_FS_ECPRI_CMWV_TDD", "fields": {}}, {"model": "tra.testlinetype", "pk": "CLOUD_5G_O_E_AP_LO_SANSA_FS_ECPRI_CMWV_TDD", "fields": {}}, {"model": "tra.repportalusertoken", "pk": 1, "fields": {"token": "fbe23d8dc34fb99d08fd12de71b5ab0c6fd90afb"}}, {"model": "tra.repportalusertoken", "pk": 2, "fields": {"token": "fbe23d8dc34fb99d08fd12de71b5ab0c6fd90afb"}}, {"model": "tra.envissuetype", "pk": "", "fields": {}}, {"model": "tra.envissuetype", "pk": "BTS", "fields": {}}, {"model": "tra.envissuetype", "pk": "Core", "fields": {}}, {"model": "tra.envissuetype", "pk": "Env_gNB", "fields": {}}, {"model": "tra.envissuetype", "pk": "iphy", "fields": {}}, {"model": "tra.envissuetype", "pk": "iPHY", "fields": {}}, {"model": "tra.envissuetype", "pk": "Lib", "fields": {}}, {"model": "tra.envissuetype", "pk": "LMTS", "fields": {}}, {"model": "tra.envissuetype", "pk": "Other", "fields": {}}, {"model": "tra.envissuetype", "pk": "PowerSupply", "fields": {}}, {"model": "tra.envissuetype", "pk": "Pre Check", "fields": {}}, {"model": "tra.envissuetype", "pk": "Precondition", "fields": {}}, {"model": "tra.envissuetype", "pk": "RealUE", "fields": {}}, {"model": "tra.envissuetype", "pk": "Renesas", "fields": {}}, {"model": "tra.envissuetype", "pk": "Robustness", "fields": {}}, {"model": "tra.envissuetype", "pk": "RTG", "fields": {}}, {"model": "tra.envissuetype", "pk": "SCF", "fields": {}}, {"model": "tra.envissuetype", "pk": "Software", "fields": {}}, {"model": "tra.envissuetype", "pk": "TA_FRAMEWORK", "fields": {}}, {"model": "tra.envissuetype", "pk": "TA_SCRIPT", "fields": {}}, {"model": "tra.envissuetype", "pk": "TestLine", "fields": {}}, {"model": "tra.envissuetype", "pk": "TM500", "fields": {}}, {"model": "tra.envissuetype", "pk": "TOOLS", "fields": {}}, {"model": "tra.envissuetype", "pk": "UE", "fields": {}}, {"model": "tra.envissuetype", "pk": "UTE", "fields": {}}]